processed_at,source,destination,category,confidence,method,legal_domain,authority,title,metadata_path
2026-08-06T20:49:37.069378+00:00,D:\Nova Legal\Indian Legal\raw\01-original.pdf,D:\Nova Legal\Indian Legal\Category\high_court_orders\01-original.pdf,high_court_orders,0.6476,rules,general_or_mixed,high_court,HIGH COURT OF DELHI:NEW DELHI,D:\Nova Legal\Indian Legal\Category\high_court_orders\01-original.pdf.metadata.json
2026-08-06T20:49:39.674866+00:00,D:\Nova Legal\Indian Legal\raw\12175.pdf,D:\Nova Legal\Indian Legal\Category\high_court_orders\12175.pdf,high_court_orders,0.6831,rules,partnership_law,high_court,IN THE HIGH COURT OF DELHI AT NEW DELHI,D:\Nova Legal\Indian Legal\Category\high_court_orders\12175.pdf.metadata.json
2026-08-06T20:49:42.361051+00:00,D:\Nova Legal\Indian Legal\raw\12782.pdf,D:\Nova Legal\Indian Legal\Category\high_court_orders\12782.pdf,high_court_orders,0.6831,rules,partnership_law,high_court,IN THE HIGH COURT OF DELHI AT NEW DELHI,D:\Nova Legal\Indian Legal\Category\high_court_orders\12782.pdf.metadata.json
2026-08-06T20:49:44.694603+00:00,D:\Nova Legal\Indian Legal\raw\16it.pdf,D:\Nova Legal\Indian Legal\Category\supreme_court_orders\16it.pdf,supreme_court_orders,0.712,rules,general_or_mixed,supreme_court,"lIIGII COUR'1- OF DEI,Ill: NEW DEI,III",D:\Nova Legal\Indian Legal\Category\supreme_court_orders\16it.pdf.metadata.json
2026-08-06T20:49:59.665687+00:00,D:\Nova Legal\Indian Legal\raw\2011amendmentinDMCAct1957_290420175B15D.pdf,D:\Nova Legal\Indian Legal\Category\unclassified\2011amendmentinDMCAct1957_290420175B15D.pdf,unclassified,0.49,rules,general_or_mixed,unknown,2011amendmentinDMCAct1957_290420175B15D,D:\Nova Legal\Indian Legal\Category\unclassified\2011amendmentinDMCAct1957_290420175B15D.pdf.metadata.json
2026-08-06T20:50:02.329386+00:00,D:\Nova Legal\Indian Legal\raw\250882_english_01042024_0.pdf,D:\Nova Legal\Indian Legal\Category\bills\250882_english_01042024_0.pdf,bills,0.6831,rules,criminal_law,unknown,"THE BHARATIYASAKSHYAADHINIYAM, 2023",D:\Nova Legal\Indian Legal\Category\bills\250882_english_01042024_0.pdf.metadata.json
2026-08-06T20:50:05.052619+00:00,D:\Nova Legal\Indian Legal\raw\250883_english_01042024.pdf,D:\Nova Legal\Indian Legal\Category\bills\250883_english_01042024.pdf,bills,0.6831,rules,partnership_law,unknown,"THE BHARATIYA NYAYA SANHITA, 2023",D:\Nova Legal\Indian Legal\Category\bills\250883_english_01042024.pdf.metadata.json
2026-08-06T20:50:07.623971+00:00,D:\Nova Legal\Indian Legal\raw\250884_2_english_01042024.pdf,D:\Nova Legal\Indian Legal\Category\supreme_court_orders\250884_2_english_01042024.pdf,supreme_court_orders,0.712,rules,criminal_law,supreme_court,vlk/kkj.k,D:\Nova Legal\Indian Legal\Category\supreme_court_orders\250884_2_english_01042024.pdf.metadata.json
2026-08-06T20:50:10.460962+00:00,D:\Nova Legal\Indian Legal\raw\32.d3.pdf,D:\Nova Legal\Indian Legal\Category\supreme_court_judgments\32.d3.pdf,supreme_court_judgments,0.712,rules,labour_and_employment_law,supreme_court,HIGH COURT OF DELHI: NEW DELHI,D:\Nova Legal\Indian Legal\Category\supreme_court_judgments\32.d3.pdf.metadata.json
2026-08-06T20:50:14.497160+00:00,D:\Nova Legal\Indian Legal\raw\33.dhc.pdf,D:\Nova Legal\Indian Legal\Category\high_court_judgments\33.dhc.pdf,high_court_judgments,0.932,rules,family_law,high_court,HIGH COURT OF DELHI: NEW DELHI,D:\Nova Legal\Indian Legal\Category\high_court_judgments\33.dhc.pdf.metadata.json
2026-08-06T20:50:16.830124+00:00,D:\Nova Legal\Indian Legal\raw\33673_2026_1_12_72183_order_24-jul-2026.pdf,D:\Nova Legal\Indian Legal\Category\supreme_court_orders\33673_2026_1_12_72183_order_24-jul-2026.pdf,supreme_court_orders,0.712,rules,information_technology_law,supreme_court,ITEM NO.12 COURT NO.1 SECTION PIL-W,D:\Nova Legal\Indian Legal\Category\supreme_court_orders\33673_2026_1_12_72183_order_24-jul-2026.pdf.metadata.json
2026-08-06T20:50:21.682920+00:00,D:\Nova Legal\Indian Legal\raw\34.pdf,D:\Nova Legal\Indian Legal\Category\high_court_orders\34.pdf,high_court_orders,0.6476,rules,labour_and_employment_law,high_court,HIGH COURT OF DELHI: NEW DELHI,D:\Nova Legal\Indian Legal\Category\high_court_orders\34.pdf.metadata.json
2026-08-06T20:50:25.173667+00:00,D:\Nova Legal\Indian Legal\raw\59605082026CRLMM29002021_181558.pdf,D:\Nova Legal\Indian Legal\Category\rules\59605082026CRLMM29002021_181558.pdf,rules,0.712,rules,criminal_law,rules,IN THE HIGH COURT OF DELHI AT NEW DELHI,D:\Nova Legal\Indian Legal\Category\rules\59605082026CRLMM29002021_181558.pdf.metadata.json
2026-08-06T20:50:27.693118+00:00,D:\Nova Legal\Indian Legal\raw\60804082026BA17122026_174305.pdf,D:\Nova Legal\Indian Legal\Category\high_court_judgments\60804082026BA17122026_174305.pdf,high_court_judgments,0.932,rules,criminal_law,high_court,BAIL APPLN. 1712/2026,D:\Nova Legal\Indian Legal\Category\high_court_judgments\60804082026BA17122026_174305.pdf.metadata.json
2026-08-06T20:50:30.094010+00:00,D:\Nova Legal\Indian Legal\raw\60804082026BA31102026_174347.pdf,D:\Nova Legal\Indian Legal\Category\high_court_orders\60804082026BA31102026_174347.pdf,high_court_orders,0.932,rules,criminal_law,high_court,BAIL APPLN. 3110/2026,D:\Nova Legal\Indian Legal\Category\high_court_orders\60804082026BA31102026_174347.pdf.metadata.json
2026-08-06T20:50:32.538820+00:00,D:\Nova Legal\Indian Legal\raw\60805082026BA31232026_174505.pdf,D:\Nova Legal\Indian Legal\Category\high_court_orders\60805082026BA31232026_174505.pdf,high_court_orders,0.932,rules,criminal_law,high_court,BAIL APPLN. 3123/2026,D:\Nova Legal\Indian Legal\Category\high_court_orders\60805082026BA31232026_174505.pdf.metadata.json
2026-08-06T20:50:34.918686+00:00,D:\Nova Legal\Indian Legal\raw\60805082026CRLMM10872026_174424.pdf,D:\Nova Legal\Indian Legal\Category\high_court_orders\60805082026CRLMM10872026_174424.pdf,high_court_orders,0.932,rules,family_law,high_court,CRL.M.C. 1087/2026,D:\Nova Legal\Indian Legal\Category\high_court_orders\60805082026CRLMM10872026_174424.pdf.metadata.json
2026-08-06T20:50:37.372672+00:00,D:\Nova Legal\Indian Legal\raw\60805082026CRLMM19792026_174148.pdf,D:\Nova Legal\Indian Legal\Category\high_court_judgments\60805082026CRLMM19792026_174148.pdf,high_court_judgments,0.932,rules,general_or_mixed,high_court,CRL.M.C.1979/2026,D:\Nova Legal\Indian Legal\Category\high_court_judgments\60805082026CRLMM19792026_174148.pdf.metadata.json
2026-08-06T20:50:39.773813+00:00,D:\Nova Legal\Indian Legal\raw\60805082026CRLRMAT5112025_174251.pdf,D:\Nova Legal\Indian Legal\Category\high_court_orders\60805082026CRLRMAT5112025_174251.pdf,high_court_orders,0.932,rules,family_law,high_court,CRL.REV.P.(MAT.) 511/2025,D:\Nova Legal\Indian Legal\Category\high_court_orders\60805082026CRLRMAT5112025_174251.pdf.metadata.json
2026-08-06T20:50:42.139026+00:00,D:\Nova Legal\Indian Legal\raw\62exam.pdf,D:\Nova Legal\Indian Legal\Category\high_court_orders\62exam.pdf,high_court_orders,0.6973,rules,general_or_mixed,high_court,HIGH COURT OF DELHI : NEW DELHI,D:\Nova Legal\Indian Legal\Category\high_court_orders\62exam.pdf.metadata.json
2026-08-06T20:50:44.308704+00:00,D:\Nova Legal\Indian Legal\raw\66-exams-nj.pdf,D:\Nova Legal\Indian Legal\Category\high_court_orders\66-exams-nj.pdf,high_court_orders,0.6973,rules,general_or_mixed,high_court,HIGH COURT OF DELHI : NEW DELHI,D:\Nova Legal\Indian Legal\Category\high_court_orders\66-exams-nj.pdf.metadata.json
2026-08-06T20:50:48.859011+00:00,D:\Nova Legal\Indian Legal\raw\67905082026CMM18452023_190800.pdf,D:\Nova Legal\Indian Legal\Category\constitution_and_constitutional_documents\67905082026CMM18452023_190800.pdf,constitution_and_constitutional_documents,0.776,rules,partnership_law,constitution,CM(M) 1845/2023 Page 1 of 7,D:\Nova Legal\Indian Legal\Category\constitution_and_constitutional_documents\67905082026CMM18452023_190800.pdf.metadata.json
2026-08-06T20:50:51.384051+00:00,D:\Nova Legal\Indian Legal\raw\68-it_cell.pdf,D:\Nova Legal\Indian Legal\Category\supreme_court_judgments\68-it_cell.pdf,supreme_court_judgments,0.712,rules,general_or_mixed,supreme_court,llIG ll COURT OF DELI II : NEW DELlll,D:\Nova Legal\Indian Legal\Category\supreme_court_judgments\68-it_cell.pdf.metadata.json
2026-08-06T20:50:54.508674+00:00,D:\Nova Legal\Indian Legal\raw\74905082026FAOC822026_132213.pdf,D:\Nova Legal\Indian Legal\Category\arbitral_awards\74905082026FAOC822026_132213.pdf,arbitral_awards,0.6476,rules,arbitration_and_mediation,unknown,FAO (COMM) 82/2026,D:\Nova Legal\Indian Legal\Category\arbitral_awards\74905082026FAOC822026_132213.pdf.metadata.json
2026-08-06T20:50:56.748883+00:00,D:\Nova Legal\Indian Legal\raw\75504082026CRLA3482026_213422.pdf,D:\Nova Legal\Indian Legal\Category\high_court_judgments\75504082026CRLA3482026_213422.pdf,high_court_judgments,0.8253,rules,criminal_law,high_court,Crl.A.No.348/2026,D:\Nova Legal\Indian Legal\Category\high_court_judgments\75504082026CRLA3482026_213422.pdf.metadata.json
2026-08-06T20:50:59.268922+00:00,D:\Nova Legal\Indian Legal\raw\76005082026CRLA8442017_144004.pdf,D:\Nova Legal\Indian Legal\Category\unclassified\76005082026CRLA8442017_144004.pdf,unclassified,0.4265,rules,criminal_law,unknown,CRL.A. 844/2017,D:\Nova Legal\Indian Legal\Category\unclassified\76005082026CRLA8442017_144004.pdf.metadata.json
2026-08-06T20:51:01.908779+00:00,D:\Nova Legal\Indian Legal\raw\A2013-18.pdf,D:\Nova Legal\Indian Legal\Category\tribunal_decisions\A2013-18.pdf,tribunal_decisions,0.6831,rules,company_law,tribunal,"THE COMPANIES ACT, 2013",D:\Nova Legal\Indian Legal\Category\tribunal_decisions\A2013-18.pdf.metadata.json
2026-08-06T20:51:04.410003+00:00,D:\Nova Legal\Indian Legal\raw\ACT_CTCR_300820195B15D.pdf,D:\Nova Legal\Indian Legal\Category\high_court_orders\ACT_CTCR_300820195B15D.pdf,high_court_orders,0.6298,rules,criminal_law,high_court,"Tf7T, -tzl° ""to (;t-t°-0)04/0007/2003-19",D:\Nova Legal\Indian Legal\Category\high_court_orders\ACT_CTCR_300820195B15D.pdf.metadata.json
2026-08-06T20:51:06.833945+00:00,D:\Nova Legal\Indian Legal\raw\ACT_CTCR_UnlawfulActivitiest_300820195B15D.pdf,D:\Nova Legal\Indian Legal\Category\central_acts\ACT_CTCR_UnlawfulActivitiest_300820195B15D.pdf,central_acts,0.6345,rules,general_or_mixed,central_act,9.c-1°—(70)4/0007/2003-19,D:\Nova Legal\Indian Legal\Category\central_acts\ACT_CTCR_UnlawfulActivitiest_300820195B15D.pdf.metadata.json
2026-08-06T20:51:09.222078+00:00,D:\Nova Legal\Indian Legal\raw\ActAndRule_TheSpecialProtectingGroup_171220195B15D.PDF,D:\Nova Legal\Indian Legal\Category\notifications\ActAndRule_TheSpecialProtectingGroup_171220195B15D.PDF,notifications,0.7091,rules,partnership_law,notification,"ts-717,t #0 to Q.-10-33004/99",D:\Nova Legal\Indian Legal\Category\notifications\ActAndRule_TheSpecialProtectingGroup_171220195B15D.PDF.metadata.json
2026-08-06T20:51:11.728693+00:00,D:\Nova Legal\Indian Legal\raw\ActAndRuleThe2520ArmsAct_171220195B15D.pdf,D:\Nova Legal\Indian Legal\Category\amendment_acts\ActAndRuleThe2520ArmsAct_171220195B15D.pdf,amendment_acts,0.68,rules,general_or_mixed,central_act,"THE ARMS (AMENDMENT) ACT, 2019",D:\Nova Legal\Indian Legal\Category\amendment_acts\ActAndRuleThe2520ArmsAct_171220195B15D.pdf.metadata.json
2026-08-06T20:51:13.936420+00:00,D:\Nova Legal\Indian Legal\raw\admit_card_dhjs_2026.pdf,D:\Nova Legal\Indian Legal\Category\recruitment_and_examinations\admit_card_dhjs_2026.pdf,recruitment_and_examinations,0.7688,rules,general_or_mixed,administrative,Download Admit Card For Delhi Higher Judicial Service,D:\Nova Legal\Indian Legal\Category\recruitment_and_examinations\admit_card_dhjs_2026.pdf.metadata.json
2026-08-06T20:51:16.231506+00:00,D:\Nova Legal\Indian Legal\raw\adv-eng_dhjs-2026.pdf,D:\Nova Legal\Indian Legal\Category\rules\adv-eng_dhjs-2026.pdf,rules,0.712,rules,service_law,rules,Page 1 of 3,D:\Nova Legal\Indian Legal\Category\rules\adv-eng_dhjs-2026.pdf.metadata.json
2026-08-06T20:51:20.758676+00:00,D:\Nova Legal\Indian Legal\raw\advertisement_for_senior_faculty_member.pdf,D:\Nova Legal\Indian Legal\Category\unclassified\advertisement_for_senior_faculty_member.pdf,unclassified,0.0,rules,general_or_mixed,unknown,"BIHAR JUDICIAL ACADEMY, PATNA",D:\Nova Legal\Indian Legal\Category\unclassified\advertisement_for_senior_faculty_member.pdf.metadata.json
2026-08-06T20:51:50.278141+00:00,D:\Nova Legal\Indian Legal\raw\AmendmenttotheEnemyPropertyAct_110120165B15D.PDF,D:\Nova Legal\Indian Legal\Category\ordinances\AmendmenttotheEnemyPropertyAct_110120165B15D.PDF,ordinances,0.6476,rules,partnership_law,central_act,"are de Se UeIe—{TA)04/0007/2003—16 REGISTERED NO, DL—(N)04/0007/2003—16",D:\Nova Legal\Indian Legal\Category\ordinances\AmendmenttotheEnemyPropertyAct_110120165B15D.PDF.metadata.json
2026-08-06T20:51:52.786048+00:00,D:\Nova Legal\Indian Legal\raw\answer_key_dhjs.pdf,D:\Nova Legal\Indian Legal\Category\recruitment_and_examinations\answer_key_dhjs.pdf,recruitment_and_examinations,0.8912,rules,general_or_mixed,administrative,Apply online for filing objections to the Model Answer Keys in relation,D:\Nova Legal\Indian Legal\Category\recruitment_and_examinations\answer_key_dhjs.pdf.metadata.json
2026-08-06T20:51:59.609370+00:00,D:\Nova Legal\Indian Legal\raw\apply_link_for_dhjs_2026.pdf,D:\Nova Legal\Indian Legal\Category\recruitment_and_examinations\apply_link_for_dhjs_2026.pdf,recruitment_and_examinations,0.7688,rules,general_or_mixed,administrative,Apply Online for Delhi Higher Judicial Service Examination-2026,D:\Nova Legal\Indian Legal\Category\recruitment_and_examinations\apply_link_for_dhjs_2026.pdf.metadata.json
2026-08-06T20:52:06.263265+00:00,D:\Nova Legal\Indian Legal\raw\APRegACT2014_015B15D.pdf,D:\Nova Legal\Indian Legal\Category\amendment_acts\APRegACT2014_015B15D.pdf,amendment_acts,0.712,rules,general_or_mixed,central_act,aaegt de Ste wer—(a7)04/0007/2003—14,D:\Nova Legal\Indian Legal\Category\amendment_acts\APRegACT2014_015B15D.pdf.metadata.json
2026-08-06T20:52:11.471140+00:00,D:\Nova Legal\Indian Legal\raw\APRegACT2014_05B15D.pdf,D:\Nova Legal\Indian Legal\Category\central_acts\APRegACT2014_05B15D.pdf,central_acts,0.712,rules,tax_law,central_act,"THE ANDHRA PRADESH REORGANISATION ACT, 2014",D:\Nova Legal\Indian Legal\Category\central_acts\APRegACT2014_05B15D.pdf.metadata.json
2026-08-06T20:52:16.357790+00:00,D:\Nova Legal\Indian Legal\raw\AR-Rules252020105B15D.pdf,D:\Nova Legal\Indian Legal\Category\rules\AR-Rules252020105B15D.pdf,rules,0.8208,rules,labour_and_employment_law,rules,"[TO BE PUBLISHED IN THE GAZETTE OF INDIA, EXTRAORDINARY, PART -II,",D:\Nova Legal\Indian Legal\Category\rules\AR-Rules252020105B15D.pdf.metadata.json
2026-08-06T20:52:18.748089+00:00,D:\Nova Legal\Indian Legal\raw\armed_forces_special_powers_act19585B15D.pdf,D:\Nova Legal\Indian Legal\Category\repealing_and_amending_acts\armed_forces_special_powers_act19585B15D.pdf,repealing_and_amending_acts,0.712,rules,family_law,central_act,"THE ARMED FORCES (SPECIAL POWERS) ACT, 1958",D:\Nova Legal\Indian Legal\Category\repealing_and_amending_acts\armed_forces_special_powers_act19585B15D.pdf.metadata.json
2026-08-06T20:52:21.425017+00:00,D:\Nova Legal\Indian Legal\raw\arms2520act-19595B15D.pdf,D:\Nova Legal\Indian Legal\Category\notifications\arms2520act-19595B15D.pdf,notifications,0.7091,rules,criminal_law,notification,"THE ARMS ACT, 1959",D:\Nova Legal\Indian Legal\Category\notifications\arms2520act-19595B15D.pdf.metadata.json
2026-08-06T20:52:55.907409+00:00,D:\Nova Legal\Indian Legal\raw\AssamRifesAct20065B15D.pdf,D:\Nova Legal\Indian Legal\Category\unclassified\AssamRifesAct20065B15D.pdf,unclassified,0.476,rules,family_law,unknown,Haga a dh Ger (1) 04/0007/2006—08 HEGISTERED NO. DL—(N}OMONO7/2000—08,D:\Nova Legal\Indian Legal\Category\unclassified\AssamRifesAct20065B15D.pdf.metadata.json
2026-08-06T20:52:58.317623+00:00,D:\Nova Legal\Indian Legal\raw\AssitantCustodian28E29_1311145B15D.pdf,D:\Nova Legal\Indian Legal\Category\notifications\AssitantCustodian28E29_1311145B15D.pdf,notifications,0.8604,rules,service_law,notification,NOTIFICATION,D:\Nova Legal\Indian Legal\Category\notifications\AssitantCustodian28E29_1311145B15D.pdf.metadata.json
2026-08-06T20:53:43.726981+00:00,D:\Nova Legal\Indian Legal\raw\AuthenticationOrder20025B15D.pdf,D:\Nova Legal\Indian Legal\Category\gazette_publications\AuthenticationOrder20025B15D.pdf,gazette_publications,0.728,rules,labour_and_employment_law,unknown,Therest Ge Se Wer-33004/99 REGD. NO. D. L.-33004/99,D:\Nova Legal\Indian Legal\Category\gazette_publications\AuthenticationOrder20025B15D.pdf.metadata.json
2026-08-06T20:53:46.424010+00:00,D:\Nova Legal\Indian Legal\raw\Ayodhya_Act19935B15D.pdf,D:\Nova Legal\Indian Legal\Category\central_acts\Ayodhya_Act19935B15D.pdf,central_acts,0.712,rules,tax_law,central_act,REGISTERED NO.DL-33004/93,D:\Nova Legal\Indian Legal\Category\central_acts\Ayodhya_Act19935B15D.pdf.metadata.json
2026-08-06T20:53:48.752265+00:00,D:\Nova Legal\Indian Legal\raw\bank_account_details_dhc.pdf,D:\Nova Legal\Indian Legal\Category\unclassified\bank_account_details_dhc.pdf,unclassified,0.5376,rules,general_or_mixed,unknown,HEADING:,D:\Nova Legal\Indian Legal\Category\unclassified\bank_account_details_dhc.pdf.metadata.json
2026-08-06T20:53:51.388435+00:00,D:\Nova Legal\Indian Legal\raw\bcbc61df3b552a46b7155303bedf6a75830021414aa81943d4d469ea40fe56e61785957183.pdf,D:\Nova Legal\Indian Legal\Category\high_court_judgments\bcbc61df3b552a46b7155303bedf6a75830021414aa81943d4d469ea40fe56e61785957183.pdf,high_court_judgments,0.6476,rules,partnership_law,high_court,2026:JHHC:22928,D:\Nova Legal\Indian Legal\Category\high_court_judgments\bcbc61df3b552a46b7155303bedf6a75830021414aa81943d4d469ea40fe56e61785957183.pdf.metadata.json
2026-08-06T20:54:20.662923+00:00,D:\Nova Legal\Indian Legal\raw\BiharReorAct2000_1309135B15D.PDF,D:\Nova Legal\Indian Legal\Category\unclassified\BiharReorAct2000_1309135B15D.PDF,unclassified,0.612,rules,tax_law,unknown,trey a. StTe.-33004 / 2000 REGISTERED NO. DL-33004/2000,D:\Nova Legal\Indian Legal\Category\unclassified\BiharReorAct2000_1309135B15D.PDF.metadata.json
2026-08-06T20:54:26.056602+00:00,D:\Nova Legal\Indian Legal\raw\BM-GSR-556E_05B15D.pdf,D:\Nova Legal\Indian Legal\Category\gazette_publications\BM-GSR-556E_05B15D.pdf,gazette_publications,0.66,rules,general_or_mixed,unknown,REGD. NO.D. [.-33004<99,D:\Nova Legal\Indian Legal\Category\gazette_publications\BM-GSR-556E_05B15D.pdf.metadata.json
2026-08-06T20:54:28.511617+00:00,D:\Nova Legal\Indian Legal\raw\bsfAct26Rules5B15D.pdf,D:\Nova Legal\Indian Legal\Category\central_acts\bsfAct26Rules5B15D.pdf,central_acts,0.6345,rules,labour_and_employment_law,central_act,BSF ACT AND RULES,D:\Nova Legal\Indian Legal\Category\central_acts\bsfAct26Rules5B15D.pdf.metadata.json
2026-08-06T20:54:33.106534+00:00,D:\Nova Legal\Indian Legal\raw\ccp19735B15D.pdf,D:\Nova Legal\Indian Legal\Category\supreme_court_orders\ccp19735B15D.pdf,supreme_court_orders,0.776,rules,criminal_law,supreme_court,"THE CODE OF CRIMINAL PROCEDURE, 1973",D:\Nova Legal\Indian Legal\Category\supreme_court_orders\ccp19735B15D.pdf.metadata.json
2026-08-06T20:54:37.221471+00:00,D:\Nova Legal\Indian Legal\raw\CDAct1968_290520205B15D.pdf,D:\Nova Legal\Indian Legal\Category\central_acts\CDAct1968_290520205B15D.pdf,central_acts,0.6939,rules,partnership_law,central_act,"THE CIVIL DEFENCE ACT, 1968",D:\Nova Legal\Indian Legal\Category\central_acts\CDAct1968_290520205B15D.pdf.metadata.json
2026-08-06T20:54:39.478643+00:00,D:\Nova Legal\Indian Legal\raw\CDRegulation1968_290520205B15D.pdf,D:\Nova Legal\Indian Legal\Category\regulations\CDRegulation1968_290520205B15D.pdf,regulations,0.7184,rules,partnership_law,regulations,MINISTRY OF HOME AFFAIRS,D:\Nova Legal\Indian Legal\Category\regulations\CDRegulation1968_290520205B15D.pdf.metadata.json
2026-08-06T20:54:42.330330+00:00,D:\Nova Legal\Indian Legal\raw\CDRules1968_290520205B15D.pdf,D:\Nova Legal\Indian Legal\Category\rules\CDRules1968_290520205B15D.pdf,rules,0.7184,rules,family_law,rules,MINISTRY OF HOME AFFAIRS,D:\Nova Legal\Indian Legal\Category\rules\CDRules1968_290520205B15D.pdf.metadata.json
2026-08-06T20:54:45.174550+00:00,D:\Nova Legal\Indian Legal\raw\census_act_19485B15D.pdf,D:\Nova Legal\Indian Legal\Category\central_acts\census_act_19485B15D.pdf,central_acts,0.6345,rules,criminal_law,central_act,"THE CENSUS ACT, 1948",D:\Nova Legal\Indian Legal\Category\central_acts\census_act_19485B15D.pdf.metadata.json
2026-08-06T20:54:47.557153+00:00,D:\Nova Legal\Indian Legal\raw\census_rules_1990_05B15D.pdf,D:\Nova Legal\Indian Legal\Category\notifications\census_rules_1990_05B15D.pdf,notifications,0.7673,rules,municipal_law,notification,MINISTRY OF HOME AFFAIRS,D:\Nova Legal\Indian Legal\Category\notifications\census_rules_1990_05B15D.pdf.metadata.json
2026-08-06T20:54:51.416257+00:00,D:\Nova Legal\Indian Legal\raw\Certificate-of-MHA.pdf,D:\Nova Legal\Indian Legal\Category\government_guidelines\Certificate-of-MHA.pdf,government_guidelines,0.864,rules,general_or_mixed,government_guideline,STQC Website Quality Certification Services,D:\Nova Legal\Indian Legal\Category\government_guidelines\Certificate-of-MHA.pdf.metadata.json
2026-08-06T20:55:01.258164+00:00,D:\Nova Legal\Indian Legal\raw\Chif_gurudwara_rules_2010145B15D.PDF,D:\Nova Legal\Indian Legal\Category\notifications\Chif_gurudwara_rules_2010145B15D.PDF,notifications,0.8255,rules,general_or_mixed,notification,THT Po So WeHo-33004/99 REGD. NO. D. L.-33004/99,D:\Nova Legal\Indian Legal\Category\notifications\Chif_gurudwara_rules_2010145B15D.PDF.metadata.json
2026-08-06T20:55:03.536371+00:00,D:\Nova Legal\Indian Legal\raw\CIAct19525B15D.pdf,D:\Nova Legal\Indian Legal\Category\central_acts\CIAct19525B15D.pdf,central_acts,0.776,rules,criminal_law,central_act,"THE COMMISSIONS OF INQUIRY ACT, 1952",D:\Nova Legal\Indian Legal\Category\central_acts\CIAct19525B15D.pdf.metadata.json
2026-08-06T20:55:05.971220+00:00,D:\Nova Legal\Indian Legal\raw\cisfact19685B15D.pdf,D:\Nova Legal\Indian Legal\Category\central_acts\cisfact19685B15D.pdf,central_acts,0.68,rules,labour_and_employment_law,central_act,THE CENTRAL INDUSTRIAL SECURITY FORCE,D:\Nova Legal\Indian Legal\Category\central_acts\cisfact19685B15D.pdf.metadata.json
2026-08-06T20:55:08.348317+00:00,D:\Nova Legal\Indian Legal\raw\cisfrules20015B15D.pdf,D:\Nova Legal\Indian Legal\Category\rules\cisfrules20015B15D.pdf,rules,0.7952,rules,partnership_law,rules,C H A P T E R - I,D:\Nova Legal\Indian Legal\Category\rules\cisfrules20015B15D.pdf.metadata.json
2026-08-06T20:55:10.570991+00:00,D:\Nova Legal\Indian Legal\raw\citizenship_rules2003_05B15D.pdf,D:\Nova Legal\Indian Legal\Category\notifications\citizenship_rules2003_05B15D.pdf,notifications,0.7091,rules,constitutional_law,notification,MINISTRY OF HOME AFFAIRS,D:\Nova Legal\Indian Legal\Category\notifications\citizenship_rules2003_05B15D.pdf.metadata.json
2026-08-06T20:55:12.981976+00:00,D:\Nova Legal\Indian Legal\raw\CitizenshipAct1955_02012025_0.pdf,D:\Nova Legal\Indian Legal\Category\central_acts\CitizenshipAct1955_02012025_0.pdf,central_acts,0.6939,rules,constitutional_law,central_act,"THE CITIZENSHIP ACT, 1955",D:\Nova Legal\Indian Legal\Category\central_acts\CitizenshipAct1955_02012025_0.pdf.metadata.json
2026-08-06T20:55:15.163959+00:00,D:\Nova Legal\Indian Legal\raw\combinbed_pro_05.08.2026.pdf,D:\Nova Legal\Indian Legal\Category\unclassified\combinbed_pro_05.08.2026.pdf,unclassified,0.5376,rules,general_or_mixed,unknown,05.08.2026,D:\Nova Legal\Indian Legal\Category\unclassified\combinbed_pro_05.08.2026.pdf.metadata.json
2026-08-06T20:55:17.472932+00:00,D:\Nova Legal\Indian Legal\raw\combined_pro_31.07.2026.pdf,D:\Nova Legal\Indian Legal\Category\unclassified\combined_pro_31.07.2026.pdf,unclassified,0.5376,rules,arbitration_and_mediation,unknown,31.07.2026,D:\Nova Legal\Indian Legal\Category\unclassified\combined_pro_31.07.2026.pdf.metadata.json
2026-08-06T20:55:19.842988+00:00,D:\Nova Legal\Indian Legal\raw\Compoundingnotification06062018_15B15D.pdf,D:\Nova Legal\Indian Legal\Category\notifications\Compoundingnotification06062018_15B15D.pdf,notifications,0.8578,rules,family_law,notification,3166 GI/2018,D:\Nova Legal\Indian Legal\Category\notifications\Compoundingnotification06062018_15B15D.pdf.metadata.json
2026-08-06T20:55:22.129781+00:00,D:\Nova Legal\Indian Legal\raw\CriminalLawAmendmendAct2C20055B15D.pdf,D:\Nova Legal\Indian Legal\Category\central_acts\CriminalLawAmendmendAct2C20055B15D.pdf,central_acts,0.68,rules,criminal_law,central_act,"THE CRIMINAL LAW (AMENDMENT) ACT, 2005",D:\Nova Legal\Indian Legal\Category\central_acts\CriminalLawAmendmendAct2C20055B15D.pdf.metadata.json
2026-08-06T20:55:24.408165+00:00,D:\Nova Legal\Indian Legal\raw\CriminalLawAmendmentAct19615B15D.pdf,D:\Nova Legal\Indian Legal\Category\amendment_acts\CriminalLawAmendmentAct19615B15D.pdf,amendment_acts,0.728,rules,family_law,central_act,"THE CRIMINAL LAW AMENDMENT ACT, 1961",D:\Nova Legal\Indian Legal\Category\amendment_acts\CriminalLawAmendmentAct19615B15D.pdf.metadata.json
2026-08-06T20:55:26.593420+00:00,D:\Nova Legal\Indian Legal\raw\crpf_act19495B15D.pdf,D:\Nova Legal\Indian Legal\Category\unclassified\crpf_act19495B15D.pdf,unclassified,0.476,rules,partnership_law,unknown,MINISTRY OF : HOME AFFAIRS,D:\Nova Legal\Indian Legal\Category\unclassified\crpf_act19495B15D.pdf.metadata.json
2026-08-06T20:55:28.980605+00:00,D:\Nova Legal\Indian Legal\raw\crpf_rules19555B15D.pdf,D:\Nova Legal\Indian Legal\Category\schemes\crpf_rules19555B15D.pdf,schemes,0.624,rules,partnership_law,government_guideline,MINISTRY OF : HOME AFFAIRS,D:\Nova Legal\Indian Legal\Category\schemes\crpf_rules19555B15D.pdf.metadata.json
2026-08-06T20:55:37.420667+00:00,D:\Nova Legal\Indian Legal\raw\CSCorr_1610145B15D.pdf,D:\Nova Legal\Indian Legal\Category\gazette_publications\CSCorr_1610145B15D.pdf,gazette_publications,0.728,rules,general_or_mixed,unknown,Tei We Se Weie—(77)04/0007/2003—14,D:\Nova Legal\Indian Legal\Category\gazette_publications\CSCorr_1610145B15D.pdf.metadata.json
2026-08-06T20:55:41.970777+00:00,D:\Nova Legal\Indian Legal\raw\CSdivTheCriminalLawAct_14082018_25B15D.pdf,D:\Nova Legal\Indian Legal\Category\central_acts\CSdivTheCriminalLawAct_14082018_25B15D.pdf,central_acts,0.68,rules,criminal_law,central_act,Short title and,D:\Nova Legal\Indian Legal\Category\central_acts\CSdivTheCriminalLawAct_14082018_25B15D.pdf.metadata.json
2026-08-06T20:55:44.336087+00:00,D:\Nova Legal\Indian Legal\raw\CTCRdiv_UnlawfulActivitiesAct1967_09012020_05B15D.PDF,D:\Nova Legal\Indian Legal\Category\office_memoranda\CTCRdiv_UnlawfulActivitiesAct1967_09012020_05B15D.PDF,office_memoranda,0.8253,rules,partnership_law,unknown,"1:i16• Ho, 14014/01120191C """,D:\Nova Legal\Indian Legal\Category\office_memoranda\CTCRdiv_UnlawfulActivitiesAct1967_09012020_05B15D.PDF.metadata.json
2026-08-06T20:55:46.669036+00:00,D:\Nova Legal\Indian Legal\raw\DANICS_DANIPS_RULES_20035B15D.pdf,D:\Nova Legal\Indian Legal\Category\constitution_and_constitutional_documents\DANICS_DANIPS_RULES_20035B15D.pdf,constitution_and_constitutional_documents,0.7888,rules,service_law,constitution,"[To be published in the Gazette of India, (Extraordinary), Part-II, Section-3,",D:\Nova Legal\Indian Legal\Category\constitution_and_constitutional_documents\DANICS_DANIPS_RULES_20035B15D.pdf.metadata.json
2026-08-06T20:55:54.600034+00:00,D:\Nova Legal\Indian Legal\raw\DeclarationoftheNationalLiberation_301120185B15D_0.pdf,D:\Nova Legal\Indian Legal\Category\notifications\DeclarationoftheNationalLiberation_301120185B15D_0.pdf,notifications,0.7091,rules,partnership_law,notification,MOST IMMEDIATE/TRIBUNAL MATTER,D:\Nova Legal\Indian Legal\Category\notifications\DeclarationoftheNationalLiberation_301120185B15D_0.pdf.metadata.json
2026-08-06T20:55:57.102882+00:00,D:\Nova Legal\Indian Legal\raw\DelhiMunicipalCorporationAct-1957_290420175B15D.pdf,D:\Nova Legal\Indian Legal\Category\tribunal_decisions\DelhiMunicipalCorporationAct-1957_290420175B15D.pdf,tribunal_decisions,0.6298,rules,tax_law,tribunal,"THE DELHI MUNICIPAL CORPORATION ACT, 1957",D:\Nova Legal\Indian Legal\Category\tribunal_decisions\DelhiMunicipalCorporationAct-1957_290420175B15D.pdf.metadata.json
2026-08-06T20:56:03.183171+00:00,D:\Nova Legal\Indian Legal\raw\DM_Athority_rules20065B15D.pdf,D:\Nova Legal\Indian Legal\Category\notifications\DM_Athority_rules20065B15D.pdf,notifications,0.8545,rules,general_or_mixed,notification,"THEGAZETTE OF INDIA: EXTRAORDINARY [Part I—Szc: 3@""N",D:\Nova Legal\Indian Legal\Category\notifications\DM_Athority_rules20065B15D.pdf.metadata.json
2026-08-06T20:56:17.387945+00:00,D:\Nova Legal\Indian Legal\raw\DM_NEC_Rules20065B15D.pdf,D:\Nova Legal\Indian Legal\Category\notifications\DM_NEC_Rules20065B15D.pdf,notifications,0.8545,rules,service_law,notification,Parest He She wer-33004/99,D:\Nova Legal\Indian Legal\Category\notifications\DM_NEC_Rules20065B15D.pdf.metadata.json
2026-08-06T20:56:37.770195+00:00,D:\Nova Legal\Indian Legal\raw\DM_NIDM_rules20065B15D.pdf,D:\Nova Legal\Indian Legal\Category\notifications\DM_NIDM_rules20065B15D.pdf,notifications,0.8255,rules,tax_law,notification,aha He Sle Weie-33004/99 REGD. NO. D.L.-33004/99,D:\Nova Legal\Indian Legal\Category\notifications\DM_NIDM_rules20065B15D.pdf.metadata.json
2026-08-06T20:56:54.996770+00:00,D:\Nova Legal\Indian Legal\raw\DM_Regulation20065B15D.pdf,D:\Nova Legal\Indian Legal\Category\notifications\DM_Regulation20065B15D.pdf,notifications,0.8545,rules,general_or_mixed,notification,10 THE GAZETTE OF INDIA: EXTRAORDINARY Parr ll—Ssc. 3(i)] “3,D:\Nova Legal\Indian Legal\Category\notifications\DM_Regulation20065B15D.pdf.metadata.json
2026-08-06T20:56:57.295348+00:00,D:\Nova Legal\Indian Legal\raw\download_admit_card_for_chfr25.pdf,D:\Nova Legal\Indian Legal\Category\recruitment_and_examinations\download_admit_card_for_chfr25.pdf,recruitment_and_examinations,0.8912,rules,general_or_mixed,administrative,Download Admit Card for,D:\Nova Legal\Indian Legal\Category\recruitment_and_examinations\download_admit_card_for_chfr25.pdf.metadata.json
2026-08-06T20:57:01.785050+00:00,D:\Nova Legal\Indian Legal\raw\E-gazette5B15D.pdf,D:\Nova Legal\Indian Legal\Category\amendment_acts\E-gazette5B15D.pdf,amendment_acts,0.712,rules,constitutional_law,central_act,"THE CITIZENSHIP (AMENDMENT) ACT, 2015",D:\Nova Legal\Indian Legal\Category\amendment_acts\E-gazette5B15D.pdf.metadata.json
2026-08-06T20:57:24.741011+00:00,D:\Nova Legal\Indian Legal\raw\Emblem-Rules20075B15D.pdf,D:\Nova Legal\Indian Legal\Category\notifications\Emblem-Rules20075B15D.pdf,notifications,0.7964,rules,intellectual_property_law,notification,crest ae Sho Woie-33004/99 REGD. NO. D. L.-33004/99,D:\Nova Legal\Indian Legal\Category\notifications\Emblem-Rules20075B15D.pdf.metadata.json
2026-08-06T20:57:43.964771+00:00,D:\Nova Legal\Indian Legal\raw\EnemyProperty_ThirdOrdiance_31-05-20165B15D.pdf,D:\Nova Legal\Indian Legal\Category\ordinances\EnemyProperty_ThirdOrdiance_31-05-20165B15D.pdf,ordinances,0.6476,rules,partnership_law,central_act,eParet Pe Se were—(T7)04/0007/2003—16 REGISTERED NO. DL—(N)04/0007/2003—16,D:\Nova Legal\Indian Legal\Category\ordinances\EnemyProperty_ThirdOrdiance_31-05-20165B15D.pdf.metadata.json
2026-08-06T20:58:02.292233+00:00,D:\Nova Legal\Indian Legal\raw\EnemyPropertyFourthOrdinanceDated280820165B15D.pdf,D:\Nova Legal\Indian Legal\Category\ordinances\EnemyPropertyFourthOrdinanceDated280820165B15D.pdf,ordinances,0.7774,rules,partnership_law,central_act,tir He Ste Wer—(V7)04/0007/2003—16 REGISTERED NO. DL—(N)04/0007/2003—16,D:\Nova Legal\Indian Legal\Category\ordinances\EnemyPropertyFourthOrdinanceDated280820165B15D.pdf.metadata.json
2026-08-06T20:58:04.538186+00:00,D:\Nova Legal\Indian Legal\raw\ExplosiveSubstancesAct19085B15D.pdf,D:\Nova Legal\Indian Legal\Category\notifications\ExplosiveSubstancesAct19085B15D.pdf,notifications,0.7964,rules,general_or_mixed,notification,"Act Name : THE EXPLOSIVE SUBSTANCES ACT, 1908",D:\Nova Legal\Indian Legal\Category\notifications\ExplosiveSubstancesAct19085B15D.pdf.metadata.json
2026-08-06T20:58:34.410180+00:00,D:\Nova Legal\Indian Legal\raw\FC-RegulationAct-2010-C5B15D.pdf,D:\Nova Legal\Indian Legal\Category\unclassified\FC-RegulationAct-2010-C5B15D.pdf,unclassified,0.5968,rules,company_law,unknown,(NOT IN FORCE AS YET),D:\Nova Legal\Indian Legal\Category\unclassified\FC-RegulationAct-2010-C5B15D.pdf.metadata.json
2026-08-06T20:58:58.355881+00:00,D:\Nova Legal\Indian Legal\raw\FC-rules20115B15D.pdf,D:\Nova Legal\Indian Legal\Category\unclassified\FC-rules20115B15D.pdf,unclassified,0.5,rules,general_or_mixed,unknown,"IN FORCE WITH EFFECT FROM 1°! MAY, 2011",D:\Nova Legal\Indian Legal\Category\unclassified\FC-rules20115B15D.pdf.metadata.json
2026-08-06T20:59:00.716288+00:00,D:\Nova Legal\Indian Legal\raw\FCRAAMENDMENT2020_MHANotification_091020205B15D.pdf,D:\Nova Legal\Indian Legal\Category\notifications\FCRAAMENDMENT2020_MHANotification_091020205B15D.pdf,notifications,0.763,rules,general_or_mixed,notification,रजिस्ट्री सं. डी.एल.- 33004/99,D:\Nova Legal\Indian Legal\Category\notifications\FCRAAMENDMENT2020_MHANotification_091020205B15D.pdf.metadata.json
2026-08-06T20:59:32.033725+00:00,D:\Nova Legal\Indian Legal\raw\fr_rules_19925B15D.pdf,D:\Nova Legal\Indian Legal\Category\rules\fr_rules_19925B15D.pdf,rules,0.7184,rules,general_or_mixed,rules,THE REGISTRATION OF FOREIGNERS,D:\Nova Legal\Indian Legal\Category\rules\fr_rules_19925B15D.pdf.metadata.json
2026-08-06T20:59:41.995404+00:00,D:\Nova Legal\Indian Legal\raw\gazette-dm5B15D.pdf,D:\Nova Legal\Indian Legal\Category\notifications\gazette-dm5B15D.pdf,notifications,0.8691,rules,general_or_mixed,notification,cfr He Sb We-33000/99,D:\Nova Legal\Indian Legal\Category\notifications\gazette-dm5B15D.pdf.metadata.json
2026-08-06T20:59:44.473526+00:00,D:\Nova Legal\Indian Legal\raw\GazetteNotificationforRRURules_05012021_05B15D.pdf,D:\Nova Legal\Indian Legal\Category\notifications\GazetteNotificationforRRURules_05012021_05B15D.pdf,notifications,0.8578,rules,partnership_law,notification,6442 GI/2020,D:\Nova Legal\Indian Legal\Category\notifications\GazetteNotificationforRRURules_05012021_05B15D.pdf.metadata.json
2026-08-06T20:59:46.743507+00:00,D:\Nova Legal\Indian Legal\raw\GazetteofIndia_09015B15D.pdf,D:\Nova Legal\Indian Legal\Category\constitution_and_constitutional_documents\GazetteofIndia_09015B15D.pdf,constitution_and_constitutional_documents,0.712,rules,constitutional_law,constitution,"1 ,-09)04/0007/2003-15",D:\Nova Legal\Indian Legal\Category\constitution_and_constitutional_documents\GazetteofIndia_09015B15D.pdf.metadata.json
2026-08-06T20:59:54.544709+00:00,D:\Nova Legal\Indian Legal\raw\GovAmendActPublis_51828E29_20145B15D.pdf,D:\Nova Legal\Indian Legal\Category\notifications\GovAmendActPublis_51828E29_20145B15D.pdf,notifications,0.7091,rules,family_law,notification,"200 _. THE GAZETTE OF INDIA : EXTRAORDINARY _[Part I—SEc, 3(i)]",D:\Nova Legal\Indian Legal\Category\notifications\GovAmendActPublis_51828E29_20145B15D.pdf.metadata.json
2026-08-06T20:59:59.426667+00:00,D:\Nova Legal\Indian Legal\raw\GovEAPAmendmentAct2014_05B15D.pdf,D:\Nova Legal\Indian Legal\Category\amendment_acts\GovEAPAmendmentAct2014_05B15D.pdf,amendment_acts,0.776,rules,general_or_mixed,central_act,fsrect Be Eb Ter—(B7)04/0007/2003—14 REGISTERED NO. DL—(N)04/0007/2003—14,D:\Nova Legal\Indian Legal\Category\amendment_acts\GovEAPAmendmentAct2014_05B15D.pdf.metadata.json
2026-08-06T21:00:04.166733+00:00,D:\Nova Legal\Indian Legal\raw\GovernmentNationalCapitalTerritoryAct5B15D.pdf,D:\Nova Legal\Indian Legal\Category\notifications\GovernmentNationalCapitalTerritoryAct5B15D.pdf,notifications,0.7382,rules,partnership_law,notification,THE GOVERNMENT OF NATIONAL CAPITAL TERRITORY,D:\Nova Legal\Indian Legal\Category\notifications\GovernmentNationalCapitalTerritoryAct5B15D.pdf.metadata.json
2026-08-06T21:00:06.730745+00:00,D:\Nova Legal\Indian Legal\raw\GovernmentUnionterritoriesAct19635B15D.pdf,D:\Nova Legal\Indian Legal\Category\notifications\GovernmentUnionterritoriesAct19635B15D.pdf,notifications,0.7091,rules,partnership_law,notification,"THE GOVERNMENT OF UNION TERRITORIES ACT, 1963",D:\Nova Legal\Indian Legal\Category\notifications\GovernmentUnionterritoriesAct19635B15D.pdf.metadata.json
2026-08-06T21:00:17.878606+00:00,D:\Nova Legal\Indian Legal\raw\GOVERNORSEmoluments_Act19825B15D.pdf,D:\Nova Legal\Indian Legal\Category\central_acts\GOVERNORSEmoluments_Act19825B15D.pdf,central_acts,0.776,rules,family_law,central_act,"THE GOVERNORS (EMOLUMENTS, ALLOWANCES AND PRIVILEGES) ACT, 1982",D:\Nova Legal\Indian Legal\Category\central_acts\GOVERNORSEmoluments_Act19825B15D.pdf.metadata.json
2026-08-06T21:00:22.486762+00:00,D:\Nova Legal\Indian Legal\raw\GovrnorsActs26Rules_09082018_05B15D.pdf,D:\Nova Legal\Indian Legal\Category\rules\GovrnorsActs26Rules_09082018_05B15D.pdf,rules,0.744,rules,family_law,rules,"THE GOVERNORS (EMOLUMENTS, ALLOWANCES AND PRIVILEGES) ACT, 1982",D:\Nova Legal\Indian Legal\Category\rules\GovrnorsActs26Rules_09082018_05B15D.pdf.metadata.json
2026-08-06T21:00:27.193180+00:00,D:\Nova Legal\Indian Legal\raw\important_instructions_dhjs-2026.pdf,D:\Nova Legal\Indian Legal\Category\constitution_and_constitutional_documents\important_instructions_dhjs-2026.pdf,constitution_and_constitutional_documents,0.712,rules,family_law,constitution,Page 1 of 13,D:\Nova Legal\Indian Legal\Category\constitution_and_constitutional_documents\important_instructions_dhjs-2026.pdf.metadata.json
2026-08-06T21:00:49.671228+00:00,D:\Nova Legal\Indian Legal\raw\Investigation2520of2520High2520Quality2520Counterfeit2520Indian2520Currency2520Offences2520Rules2C252020135B15D.PDF,D:\Nova Legal\Indian Legal\Category\rules\Investigation2520of2520High2520Quality2520Counterfeit2520Indian2520Currency2520Offences2520Rules2C252020135B15D.PDF,rules,0.7184,rules,criminal_law,rules,TH} Yo Slo Ueo-33004/99 REGD. NO. D.L.-33004/99,D:\Nova Legal\Indian Legal\Category\rules\Investigation2520of2520High2520Quality2520Counterfeit2520Indian2520Currency2520Offences2520Rules2C252020135B15D.PDF.metadata.json
2026-08-06T21:00:52.078773+00:00,D:\Nova Legal\Indian Legal\raw\IPC18605B15D.pdf,D:\Nova Legal\Indian Legal\Category\bills\IPC18605B15D.pdf,bills,0.6831,rules,criminal_law,unknown,"THE INDIAN PENAL CODE, 1860",D:\Nova Legal\Indian Legal\Category\bills\IPC18605B15D.pdf.metadata.json
2026-08-06T21:01:06.893577+00:00,D:\Nova Legal\Indian Legal\raw\IS_IIActs_280820185B15D.pdf,D:\Nova Legal\Indian Legal\Category\amendment_acts\IS_IIActs_280820185B15D.pdf,amendment_acts,0.712,rules,family_law,central_act,~ F.No.11.(1)/2014-L.I,D:\Nova Legal\Indian Legal\Category\amendment_acts\IS_IIActs_280820185B15D.pdf.metadata.json
2026-08-06T21:01:09.221578+00:00,D:\Nova Legal\Indian Legal\raw\ITBP-Act19925B15D.pdf,D:\Nova Legal\Indian Legal\Category\central_acts\ITBP-Act19925B15D.pdf,central_acts,0.8052,rules,partnership_law,central_act,"THE INDO-TIBETAN BORDER POLICE FORCE ACT, 1992",D:\Nova Legal\Indian Legal\Category\central_acts\ITBP-Act19925B15D.pdf.metadata.json
2026-08-06T21:01:11.662900+00:00,D:\Nova Legal\Indian Legal\raw\ITBP-Rule-19945B15D.pdf,D:\Nova Legal\Indian Legal\Category\notifications\ITBP-Rule-19945B15D.pdf,notifications,0.7091,rules,labour_and_employment_law,notification,MINISTRY OF HOME AFFAIRS,D:\Nova Legal\Indian Legal\Category\notifications\ITBP-Rule-19945B15D.pdf.metadata.json
2026-08-06T21:01:13.980678+00:00,D:\Nova Legal\Indian Legal\raw\j_03082026.pdf,D:\Nova Legal\Indian Legal\Category\unclassified\j_03082026.pdf,unclassified,0.5376,rules,general_or_mixed,unknown,03.08.2026,D:\Nova Legal\Indian Legal\Category\unclassified\j_03082026.pdf.metadata.json
2026-08-06T21:01:16.108536+00:00,D:\Nova Legal\Indian Legal\raw\jud-03082026_odtt.pdf,D:\Nova Legal\Indian Legal\Category\unclassified\jud-03082026_odtt.pdf,unclassified,0.0,rules,general_or_mixed,unknown,03.08.2026,D:\Nova Legal\Indian Legal\Category\unclassified\jud-03082026_odtt.pdf.metadata.json
2026-08-06T21:01:18.230577+00:00,D:\Nova Legal\Indian Legal\raw\jud-03082026_odtt_0.pdf,D:\Nova Legal\Indian Legal\Category\unclassified\jud-03082026_odtt_0.pdf,unclassified,0.4832,rules,general_or_mixed,unknown,03.08.2026,D:\Nova Legal\Indian Legal\Category\unclassified\jud-03082026_odtt_0.pdf.metadata.json
2026-08-06T21:01:20.481069+00:00,D:\Nova Legal\Indian Legal\raw\jud-03082026_odtt_1.pdf,D:\Nova Legal\Indian Legal\Category\unclassified\jud-03082026_odtt_1.pdf,unclassified,0.4832,rules,general_or_mixed,unknown,03.08.2026,D:\Nova Legal\Indian Legal\Category\unclassified\jud-03082026_odtt_1.pdf.metadata.json
2026-08-06T21:01:22.721802+00:00,D:\Nova Legal\Indian Legal\raw\jud-04082026.odtttt.pdf,D:\Nova Legal\Indian Legal\Category\unclassified\jud-04082026.odtttt.pdf,unclassified,0.5376,rules,general_or_mixed,unknown,04.08.2026,D:\Nova Legal\Indian Legal\Category\unclassified\jud-04082026.odtttt.pdf.metadata.json
2026-08-06T21:01:24.965920+00:00,D:\Nova Legal\Indian Legal\raw\jud-05082026.odttttt.pdf,D:\Nova Legal\Indian Legal\Category\unclassified\jud-05082026.odttttt.pdf,unclassified,0.4832,rules,general_or_mixed,unknown,05.08.2026,D:\Nova Legal\Indian Legal\Category\unclassified\jud-05082026.odttttt.pdf.metadata.json
2026-08-06T21:01:27.280382+00:00,D:\Nova Legal\Indian Legal\raw\jud-05082026.odttttt_0.pdf,D:\Nova Legal\Indian Legal\Category\unclassified\jud-05082026.odttttt_0.pdf,unclassified,0.4832,rules,general_or_mixed,unknown,05.08.2026,D:\Nova Legal\Indian Legal\Category\unclassified\jud-05082026.odttttt_0.pdf.metadata.json
2026-08-06T21:01:29.488197+00:00,D:\Nova Legal\Indian Legal\raw\jud-05082026.odttttt_1.pdf,D:\Nova Legal\Indian Legal\Category\unclassified\jud-05082026.odttttt_1.pdf,unclassified,0.0,rules,general_or_mixed,unknown,05.08.2026,D:\Nova Legal\Indian Legal\Category\unclassified\jud-05082026.odttttt_1.pdf.metadata.json
2026-08-06T21:01:31.729518+00:00,D:\Nova Legal\Indian Legal\raw\jud-31072026.odtt.pdf,D:\Nova Legal\Indian Legal\Category\unclassified\jud-31072026.odtt.pdf,unclassified,0.4832,rules,general_or_mixed,unknown,31.07.2026,D:\Nova Legal\Indian Legal\Category\unclassified\jud-31072026.odtt.pdf.metadata.json
2026-08-06T21:01:33.962492+00:00,D:\Nova Legal\Indian Legal\raw\jud_01_for_31.07.2026_1.pdf,D:\Nova Legal\Indian Legal\Category\unclassified\jud_01_for_31.07.2026_1.pdf,unclassified,0.0,rules,general_or_mixed,unknown,31.07.2026 FOR PRONOUNCEMENT OF JUDGMENT (ORIGINAL JURISDICTION),D:\Nova Legal\Indian Legal\Category\unclassified\jud_01_for_31.07.2026_1.pdf.metadata.json
2026-08-06T21:01:36.118468+00:00,D:\Nova Legal\Indian Legal\raw\jud_1_for_03.08.2026.pdf,D:\Nova Legal\Indian Legal\Category\unclassified\jud_1_for_03.08.2026.pdf,unclassified,0.0,rules,general_or_mixed,unknown,03.08.2026 FOR PRONOUNCEMENT OF JUDGMENT (ORIGINAL JURISDICTION),D:\Nova Legal\Indian Legal\Category\unclassified\jud_1_for_03.08.2026.pdf.metadata.json
2026-08-06T21:02:11.065028+00:00,D:\Nova Legal\Indian Legal\raw\LAPI-Act-0808115B15D.pdf,D:\Nova Legal\Indian Legal\Category\central_acts\LAPI-Act-0808115B15D.pdf,central_acts,0.6345,rules,tax_law,central_act,fret He se %4)04/0007/2003—10 REGISTERED NO. DL—(N)04/0007/2003—10,D:\Nova Legal\Indian Legal\Category\central_acts\LAPI-Act-0808115B15D.pdf.metadata.json
2026-08-06T21:02:13.738705+00:00,D:\Nova Legal\Indian Legal\raw\LotteriesAct-19985B15D.pdf,D:\Nova Legal\Indian Legal\Category\ordinances\LotteriesAct-19985B15D.pdf,ordinances,0.6298,rules,partnership_law,central_act,REGISTERED No.DL-33004/98,D:\Nova Legal\Indian Legal\Category\ordinances\LotteriesAct-19985B15D.pdf.metadata.json
2026-08-06T21:02:18.137756+00:00,D:\Nova Legal\Indian Legal\raw\MinisterAct1952_0807145B15D.pdf,D:\Nova Legal\Indian Legal\Category\amendment_acts\MinisterAct1952_0807145B15D.pdf,amendment_acts,0.728,rules,family_law,central_act,"THE SALARIES AND ALLOWANCES OF MINISTERS ACT, 1952",D:\Nova Legal\Indian Legal\Category\amendment_acts\MinisterAct1952_0807145B15D.pdf.metadata.json
2026-08-06T21:02:22.647050+00:00,D:\Nova Legal\Indian Legal\raw\MinistersAllowanceRules1957_35B15D.pdf,D:\Nova Legal\Indian Legal\Category\rules\MinistersAllowanceRules1957_35B15D.pdf,rules,0.8208,rules,service_law,rules,MINISTRY OF HOME AFFAIRS,D:\Nova Legal\Indian Legal\Category\rules\MinistersAllowanceRules1957_35B15D.pdf.metadata.json
2026-08-06T21:02:24.884423+00:00,D:\Nova Legal\Indian Legal\raw\MinistersResidenceRules19625B15D.pdf,D:\Nova Legal\Indian Legal\Category\rules\MinistersResidenceRules19625B15D.pdf,rules,0.8208,rules,service_law,rules,"MINISTERS – RESIDENCES RULES, 1962",D:\Nova Legal\Indian Legal\Category\rules\MinistersResidenceRules19625B15D.pdf.metadata.json
2026-08-06T21:02:52.885763+00:00,D:\Nova Legal\Indian Legal\raw\MPReorgAct2000_1309135B15D.PDF,D:\Nova Legal\Indian Legal\Category\high_court_judgments\MPReorgAct2000_1309135B15D.PDF,high_court_judgments,0.6831,rules,banking_and_finance_law,high_court,tere Be Pewee-33004 / 2000,D:\Nova Legal\Indian Legal\Category\high_court_judgments\MPReorgAct2000_1309135B15D.PDF.metadata.json
2026-08-06T21:03:18.436466+00:00,D:\Nova Legal\Indian Legal\raw\NationalSecAmndmntAct19845B15D.pdf,D:\Nova Legal\Indian Legal\Category\amendment_acts\NationalSecAmndmntAct19845B15D.pdf,amendment_acts,0.712,rules,family_law,central_act,etait #. st (#1) 72 REGISTERED No. D-(D)-72,D:\Nova Legal\Indian Legal\Category\amendment_acts\NationalSecAmndmntAct19845B15D.pdf.metadata.json
2026-08-06T21:03:21.063859+00:00,D:\Nova Legal\Indian Legal\raw\NBK04082026RFA732025_172059.pdf,D:\Nova Legal\Indian Legal\Category\unclassified\NBK04082026RFA732025_172059.pdf,unclassified,0.476,rules,family_law,unknown,RFA 73/2025 Page 1 of 32,D:\Nova Legal\Indian Legal\Category\unclassified\NBK04082026RFA732025_172059.pdf.metadata.json
2026-08-06T21:03:23.478986+00:00,D:\Nova Legal\Indian Legal\raw\NBK04082026RSA1852024_172035.pdf,D:\Nova Legal\Indian Legal\Category\legal_notices\NBK04082026RSA1852024_172035.pdf,legal_notices,0.6831,rules,partnership_law,unknown,RSA 185/2024 Page 1 of 7,D:\Nova Legal\Indian Legal\Category\legal_notices\NBK04082026RSA1852024_172035.pdf.metadata.json
2026-08-06T21:03:25.968441+00:00,D:\Nova Legal\Indian Legal\raw\NBK04082026RSA572018_171930.pdf,D:\Nova Legal\Indian Legal\Category\unclassified\NBK04082026RSA572018_171930.pdf,unclassified,0.612,rules,arbitration_and_mediation,unknown,RSA 57/2018 Page 1 of 27,D:\Nova Legal\Indian Legal\Category\unclassified\NBK04082026RSA572018_171930.pdf.metadata.json
2026-08-06T21:03:54.306195+00:00,D:\Nova Legal\Indian Legal\raw\NDM_Noti1708095B15D.pdf,D:\Nova Legal\Indian Legal\Category\gazette_publications\NDM_Noti1708095B15D.pdf,gazette_publications,0.728,rules,general_or_mixed,unknown,REGD. NO. D. L.-33004/99,D:\Nova Legal\Indian Legal\Category\gazette_publications\NDM_Noti1708095B15D.pdf.metadata.json
2026-08-06T21:03:57.625088+00:00,D:\Nova Legal\Indian Legal\raw\NDMCACT19441_290420175B15D.pdf,D:\Nova Legal\Indian Legal\Category\notifications\NDMCACT19441_290420175B15D.pdf,notifications,0.7091,rules,tax_law,notification,THE NEW DELHI MUNICIPAL COUNCIL,D:\Nova Legal\Indian Legal\Category\notifications\NDMCACT19441_290420175B15D.pdf.metadata.json
2026-08-06T21:04:06.591075+00:00,D:\Nova Legal\Indian Legal\raw\Noti2186-0208135B15D.pdf,D:\Nova Legal\Indian Legal\Category\notifications\Noti2186-0208135B15D.pdf,notifications,0.8545,rules,general_or_mixed,notification,(3M 1—avrs 3(ii) J ANd Al USIIa : AAT 3,D:\Nova Legal\Indian Legal\Category\notifications\Noti2186-0208135B15D.pdf.metadata.json
2026-08-06T21:04:08.980897+00:00,D:\Nova Legal\Indian Legal\raw\Noti80EAllowPrivAmendRule2015_0904155B15D.pdf,D:\Nova Legal\Indian Legal\Category\notifications\Noti80EAllowPrivAmendRule2015_0904155B15D.pdf,notifications,0.7091,rules,general_or_mixed,notification,o 70--33004/99,D:\Nova Legal\Indian Legal\Category\notifications\Noti80EAllowPrivAmendRule2015_0904155B15D.pdf.metadata.json
2026-08-06T21:04:12.692959+00:00,D:\Nova Legal\Indian Legal\raw\NotiAPReOrgAct_1504145B15D.pdf,D:\Nova Legal\Indian Legal\Category\notifications\NotiAPReOrgAct_1504145B15D.pdf,notifications,0.8255,rules,general_or_mixed,notification,TT Ao Sto Veto-33004/99 REGD. NO. D.L.-33004/99,D:\Nova Legal\Indian Legal\Category\notifications\NotiAPReOrgAct_1504145B15D.pdf.metadata.json
2026-08-06T21:04:17.322562+00:00,D:\Nova Legal\Indian Legal\raw\notice_of_dhjs.pdf,D:\Nova Legal\Indian Legal\Category\high_court_orders\notice_of_dhjs.pdf,high_court_orders,0.6973,rules,general_or_mixed,high_court,HIGH COURT OF DELHI: NEW DELHI,D:\Nova Legal\Indian Legal\Category\high_court_orders\notice_of_dhjs.pdf.metadata.json
2026-08-06T21:04:37.602272+00:00,D:\Nova Legal\Indian Legal\raw\NotiCustodian2520of2520Enemy2520Property612E_2909145B15D.pdf,D:\Nova Legal\Indian Legal\Category\notifications\NotiCustodian2520of2520Enemy2520Property612E_2909145B15D.pdf,notifications,0.7091,rules,service_law,notification,_REGD. NO. D.L.-33004/99,D:\Nova Legal\Indian Legal\Category\notifications\NotiCustodian2520of2520Enemy2520Property612E_2909145B15D.pdf.metadata.json
2026-08-06T21:04:55.416729+00:00,D:\Nova Legal\Indian Legal\raw\NotiDeputyCustodianofEnemyProperty613E_2909145B15D.pdf,D:\Nova Legal\Indian Legal\Category\unclassified\NotiDeputyCustodianofEnemyProperty613E_2909145B15D.pdf,unclassified,0.5674,rules,service_law,unknown,[a0 ave 3(i)] ANA Fl UTI: sae,D:\Nova Legal\Indian Legal\Category\unclassified\NotiDeputyCustodianofEnemyProperty613E_2909145B15D.pdf.metadata.json
2026-08-06T21:04:57.793549+00:00,D:\Nova Legal\Indian Legal\raw\Notification_061020205B15D.pdf,D:\Nova Legal\Indian Legal\Category\notifications\Notification_061020205B15D.pdf,notifications,0.8815,rules,general_or_mixed,notification,रजिस्ट्री सं. डी.एल.- 33004/99,D:\Nova Legal\Indian Legal\Category\notifications\Notification_061020205B15D.pdf.metadata.json
2026-08-06T21:05:03.380256+00:00,D:\Nova Legal\Indian Legal\raw\NotificationCivilServicesAmedmentRule_0807165B15D.pdf,D:\Nova Legal\Indian Legal\Category\notifications\NotificationCivilServicesAmedmentRule_0807165B15D.pdf,notifications,0.8649,rules,general_or_mixed,notification,"[To be published in the Gazette of India, Part-I, Section 3, Sub-section (i)|",D:\Nova Legal\Indian Legal\Category\notifications\NotificationCivilServicesAmedmentRule_0807165B15D.pdf.metadata.json
2026-08-06T21:05:07.630305+00:00,D:\Nova Legal\Indian Legal\raw\NotiSikhGurdwarasActAmendment_1205165B15D.PDF,D:\Nova Legal\Indian Legal\Category\amendment_acts\NotiSikhGurdwarasActAmendment_1205165B15D.PDF,amendment_acts,0.776,rules,general_or_mixed,central_act,"et He Ste We—(T7)04/0007/2003-—16 REGISTERED NO, DL—(N)04/0007/2003—16",D:\Nova Legal\Indian Legal\Category\amendment_acts\NotiSikhGurdwarasActAmendment_1205165B15D.PDF.metadata.json
2026-08-06T21:05:10.052539+00:00,D:\Nova Legal\Indian Legal\raw\NSGAct19865B15D.pdf,D:\Nova Legal\Indian Legal\Category\central_acts\NSGAct19865B15D.pdf,central_acts,0.68,rules,partnership_law,central_act,"THE NATIONAL SECURITY GUARD ACT, 1986",D:\Nova Legal\Indian Legal\Category\central_acts\NSGAct19865B15D.pdf.metadata.json
2026-08-06T21:05:12.395574+00:00,D:\Nova Legal\Indian Legal\raw\NSGRules19875B15D.pdf,D:\Nova Legal\Indian Legal\Category\rules\NSGRules19875B15D.pdf,rules,0.7184,rules,partnership_law,rules,MINISTRY OF HOME AFFAIRS,D:\Nova Legal\Indian Legal\Category\rules\NSGRules19875B15D.pdf.metadata.json
2026-08-06T21:05:18.902306+00:00,D:\Nova Legal\Indian Legal\raw\odishaAlterationAct20115B15D.pdf,D:\Nova Legal\Indian Legal\Category\ordinances\odishaAlterationAct20115B15D.pdf,ordinances,0.6298,rules,general_or_mixed,central_act,tare He Se Ter—(7)04/0007/2003—11 REGISTERED NO. DL—(N)04/0007/2003—11,D:\Nova Legal\Indian Legal\Category\ordinances\odishaAlterationAct20115B15D.pdf.metadata.json
2026-08-06T21:05:23.373874+00:00,D:\Nova Legal\Indian Legal\raw\Official_Secret_Act19235B15D.pdf,D:\Nova Legal\Indian Legal\Category\central_acts\Official_Secret_Act19235B15D.pdf,central_acts,0.6345,rules,partnership_law,central_act,"Act Name : THE OFFICIAL SECRETS ACT, 1923",D:\Nova Legal\Indian Legal\Category\central_acts\Official_Secret_Act19235B15D.pdf.metadata.json
2026-08-06T21:05:49.836218+00:00,D:\Nova Legal\Indian Legal\raw\OSA25201923_25042017_05B15D.pdf,D:\Nova Legal\Indian Legal\Category\unclassified\OSA25201923_25042017_05B15D.pdf,unclassified,0.0,rules,general_or_mixed,unknown,"meat Ta aT SHaaA, 1923",D:\Nova Legal\Indian Legal\Category\unclassified\OSA25201923_25042017_05B15D.pdf.metadata.json
2026-08-06T21:05:53.339714+00:00,D:\Nova Legal\Indian Legal\raw\Paper_4_Business_Law_&_Management_CSEET_18122025.pdf,D:\Nova Legal\Indian Legal\Category\bills\Paper_4_Business_Law_&_Management_CSEET_18122025.pdf,bills,0.7187,rules,partnership_law,unknown,STUDY MATERIAL,D:\Nova Legal\Indian Legal\Category\bills\Paper_4_Business_Law_&_Management_CSEET_18122025.pdf.metadata.json
2026-08-06T21:05:55.710025+00:00,D:\Nova Legal\Indian Legal\raw\PDPPA2C19845B15D.pdf,D:\Nova Legal\Indian Legal\Category\ordinances\PDPPA2C19845B15D.pdf,ordinances,0.6653,rules,criminal_law,central_act,An Act to provide for prevention of damage to public property and for matters connected,D:\Nova Legal\Indian Legal\Category\ordinances\PDPPA2C19845B15D.pdf.metadata.json
2026-08-06T21:06:00.165987+00:00,D:\Nova Legal\Indian Legal\raw\PlaceWorshipAct19915B15D.pdf,D:\Nova Legal\Indian Legal\Category\central_acts\PlaceWorshipAct19915B15D.pdf,central_acts,0.898,rules,criminal_law,central_act,"The Place of Worship(Special Provisions) Act, 1991",D:\Nova Legal\Indian Legal\Category\central_acts\PlaceWorshipAct19915B15D.pdf.metadata.json
2026-08-06T21:06:02.509916+00:00,D:\Nova Legal\Indian Legal\raw\PMS04082026CRLA6302026_163343.pdf,D:\Nova Legal\Indian Legal\Category\constitution_and_constitutional_documents\PMS04082026CRLA6302026_163343.pdf,constitution_and_constitutional_documents,0.712,rules,criminal_law,constitution,CRL.A. 630/2026,D:\Nova Legal\Indian Legal\Category\constitution_and_constitutional_documents\PMS04082026CRLA6302026_163343.pdf.metadata.json
2026-08-06T21:06:20.871557+00:00,D:\Nova Legal\Indian Legal\raw\Pondicherry_Rule_180520175B15D.PDF,D:\Nova Legal\Indian Legal\Category\unclassified\Pondicherry_Rule_180520175B15D.PDF,unclassified,0.5217,rules,general_or_mixed,unknown,Government of Puducherry,D:\Nova Legal\Indian Legal\Category\unclassified\Pondicherry_Rule_180520175B15D.PDF.metadata.json
2026-08-06T21:06:23.089925+00:00,D:\Nova Legal\Indian Legal\raw\PptEntryAct19205B15D.pdf,D:\Nova Legal\Indian Legal\Category\central_acts\PptEntryAct19205B15D.pdf,central_acts,0.7851,rules,criminal_law,central_act,VOL. IV-B,D:\Nova Legal\Indian Legal\Category\central_acts\PptEntryAct19205B15D.pdf.metadata.json
2026-08-06T21:06:27.524530+00:00,D:\Nova Legal\Indian Legal\raw\President_emoluments_act1951_UPDATED_5B15D.pdf,D:\Nova Legal\Indian Legal\Category\amendment_acts\President_emoluments_act1951_UPDATED_5B15D.pdf,amendment_acts,0.728,rules,family_law,central_act,"THE PRESIDENT’S 1^(EMOLUMENTS AND) PENSION ACT, 1951",D:\Nova Legal\Indian Legal\Category\amendment_acts\President_emoluments_act1951_UPDATED_5B15D.pdf.metadata.json
2026-08-06T21:06:32.023587+00:00,D:\Nova Legal\Indian Legal\raw\PresidentPensionRulesupto2018_090820185B15D.pdf,D:\Nova Legal\Indian Legal\Category\unclassified\PresidentPensionRulesupto2018_090820185B15D.pdf,unclassified,0.5766,rules,family_law,unknown,MINISTRY OF HOME AFFAIRS,D:\Nova Legal\Indian Legal\Category\unclassified\PresidentPensionRulesupto2018_090820185B15D.pdf.metadata.json
2026-08-06T21:06:34.149534+00:00,D:\Nova Legal\Indian Legal\raw\PresidentsActupto2018_090820185B15D.pdf,D:\Nova Legal\Indian Legal\Category\amendment_acts\PresidentsActupto2018_090820185B15D.pdf,amendment_acts,0.728,rules,family_law,central_act,"THE PRESIDENT’S 1^(EMOLUMENTS AND) PENSION ACT, 1951",D:\Nova Legal\Indian Legal\Category\amendment_acts\PresidentsActupto2018_090820185B15D.pdf.metadata.json
2026-08-06T21:06:38.409692+00:00,D:\Nova Legal\Indian Legal\raw\Prevention_Insults_National_Honour_Act1971.pdf,D:\Nova Legal\Indian Legal\Category\constitution_and_constitutional_documents\Prevention_Insults_National_Honour_Act1971.pdf,constitution_and_constitutional_documents,0.68,rules,constitutional_law,constitution,"THE PREVENTION OF INSULTS TO NATIONAL HONOUR ACT, 1971",D:\Nova Legal\Indian Legal\Category\constitution_and_constitutional_documents\Prevention_Insults_National_Honour_Act1971.pdf.metadata.json
2026-08-06T21:06:40.727581+00:00,D:\Nova Legal\Indian Legal\raw\Prisons_act18945B15D.pdf,D:\Nova Legal\Indian Legal\Category\central_acts\Prisons_act18945B15D.pdf,central_acts,0.7173,rules,labour_and_employment_law,central_act,GOVERNMENT OF INDIA,D:\Nova Legal\Indian Legal\Category\central_acts\Prisons_act18945B15D.pdf.metadata.json
2026-08-06T21:06:45.309757+00:00,D:\Nova Legal\Indian Legal\raw\pro_for_04.08.2026.pdf,D:\Nova Legal\Indian Legal\Category\unclassified\pro_for_04.08.2026.pdf,unclassified,0.5376,rules,intellectual_property_law,unknown,04.08.2026,D:\Nova Legal\Indian Legal\Category\unclassified\pro_for_04.08.2026.pdf.metadata.json
2026-08-06T21:06:47.499407+00:00,D:\Nova Legal\Indian Legal\raw\pro_for_06.08.2026.pdf,D:\Nova Legal\Indian Legal\Category\unclassified\pro_for_06.08.2026.pdf,unclassified,0.5376,rules,criminal_law,unknown,06.08.2026,D:\Nova Legal\Indian Legal\Category\unclassified\pro_for_06.08.2026.pdf.metadata.json
2026-08-06T21:06:49.703514+00:00,D:\Nova Legal\Indian Legal\raw\Protection2520of2520HR2520Act19935B15D.pdf,D:\Nova Legal\Indian Legal\Category\high_court_orders\Protection2520of2520HR2520Act19935B15D.pdf,high_court_orders,0.6298,rules,criminal_law,high_court,"THE PROTECTION OF HUMAN RIGHTS ACT, 1993",D:\Nova Legal\Indian Legal\Category\high_court_orders\Protection2520of2520HR2520Act19935B15D.pdf.metadata.json
2026-08-06T21:06:52.019647+00:00,D:\Nova Legal\Indian Legal\raw\PS_Agencies_Regulation_Act20055B15D.pdf,D:\Nova Legal\Indian Legal\Category\central_acts\PS_Agencies_Regulation_Act20055B15D.pdf,central_acts,0.776,rules,labour_and_employment_law,central_act,"THE PRIVATE SECURITY AGENCIES (REGULATION) ACT, 2005",D:\Nova Legal\Indian Legal\Category\central_acts\PS_Agencies_Regulation_Act20055B15D.pdf.metadata.json
2026-08-06T21:07:05.709109+00:00,D:\Nova Legal\Indian Legal\raw\PublicProDamgeAct_200515_05B15D.pdf,D:\Nova Legal\Indian Legal\Category\central_acts\PublicProDamgeAct_200515_05B15D.pdf,central_acts,0.68,rules,criminal_law,central_act,F No. 24013/12/C.C./2013-CSR.III,D:\Nova Legal\Indian Legal\Category\central_acts\PublicProDamgeAct_200515_05B15D.pdf.metadata.json
2026-08-06T21:07:08.141218+00:00,D:\Nova Legal\Indian Legal\raw\rbd_act_19695B15D.pdf,D:\Nova Legal\Indian Legal\Category\central_acts\rbd_act_19695B15D.pdf,central_acts,0.776,rules,family_law,central_act,"The Registration of Births and Deaths Act, 1969",D:\Nova Legal\Indian Legal\Category\central_acts\rbd_act_19695B15D.pdf.metadata.json
2026-08-06T21:07:10.387834+00:00,D:\Nova Legal\Indian Legal\raw\ReligiousInstitutionsAct19885B15D.pdf,D:\Nova Legal\Indian Legal\Category\ordinances\ReligiousInstitutionsAct19885B15D.pdf,ordinances,0.6831,rules,criminal_law,central_act,and com-,D:\Nova Legal\Indian Legal\Category\ordinances\ReligiousInstitutionsAct19885B15D.pdf.metadata.json
2026-08-06T21:07:12.661228+00:00,D:\Nova Legal\Indian Legal\raw\RepatriationofPrisAct-20035B15D.pdf,D:\Nova Legal\Indian Legal\Category\central_acts\RepatriationofPrisAct-20035B15D.pdf,central_acts,0.6345,rules,criminal_law,central_act,REGISTERED No.DL-(N)04/0007/2003-05,D:\Nova Legal\Indian Legal\Category\central_acts\RepatriationofPrisAct-20035B15D.pdf.metadata.json
2026-08-06T21:07:17.029083+00:00,D:\Nova Legal\Indian Legal\raw\RepatriationRules20045B15D.pdf,D:\Nova Legal\Indian Legal\Category\unclassified\RepatriationRules20045B15D.pdf,unclassified,0.5217,rules,criminal_law,unknown,THE GAZETTE OF INDIA,D:\Nova Legal\Indian Legal\Category\unclassified\RepatriationRules20045B15D.pdf.metadata.json
2026-08-06T21:07:19.439104+00:00,D:\Nova Legal\Indian Legal\raw\repealedfileopen.pdf,D:\Nova Legal\Indian Legal\Category\notifications\repealedfileopen.pdf,notifications,0.7818,rules,criminal_law,notification,THE INDIAN PENAL CODE,D:\Nova Legal\Indian Legal\Category\notifications\repealedfileopen.pdf.metadata.json
2026-08-06T21:07:26.438936+00:00,D:\Nova Legal\Indian Legal\raw\RRU_201120205B15D.pdf,D:\Nova Legal\Indian Legal\Category\office_memoranda\RRU_201120205B15D.pdf,office_memoranda,0.6831,rules,partnership_law,unknown,File No. 23011/93/2020-BPR&D,D:\Nova Legal\Indian Legal\Category\office_memoranda\RRU_201120205B15D.pdf.metadata.json
2026-08-06T21:07:40.308837+00:00,D:\Nova Legal\Indian Legal\raw\RulesBharatRatna26PadmaAwards_0_0.pdf,D:\Nova Legal\Indian Legal\Category\unclassified\RulesBharatRatna26PadmaAwards_0_0.pdf,unclassified,0.584,rules,service_law,unknown,AWNE». T,D:\Nova Legal\Indian Legal\Category\unclassified\RulesBharatRatna26PadmaAwards_0_0.pdf.metadata.json
2026-08-06T21:07:48.808968+00:00,D:\Nova Legal\Indian Legal\raw\Section220oftheFinanceAct_2018_091020205B15D.pdf,D:\Nova Legal\Indian Legal\Category\unclassified\Section220oftheFinanceAct_2018_091020205B15D.pdf,unclassified,0.5947,rules,tax_law,unknown,tfsret ae Se Weie—(T7)04/0007/2003—18 REGISTERED NO. DL—(N)04/0007/2003—18,D:\Nova Legal\Indian Legal\Category\unclassified\Section220oftheFinanceAct_2018_091020205B15D.pdf.metadata.json
2026-08-06T21:07:55.629615+00:00,D:\Nova Legal\Indian Legal\raw\Section236oftheFinanceAct_2016_091020205B15D.pdf,D:\Nova Legal\Indian Legal\Category\central_acts\Section236oftheFinanceAct_2016_091020205B15D.pdf,central_acts,0.6721,rules,general_or_mixed,central_act,tsret He Se Uer—(wA)04/0007/2003—16 REGISTERED NO. DL—(N)04/0007/2003—16,D:\Nova Legal\Indian Legal\Category\central_acts\Section236oftheFinanceAct_2016_091020205B15D.pdf.metadata.json
2026-08-06T21:08:12.333454+00:00,D:\Nova Legal\Indian Legal\raw\Sikh2520Gurdwaras2520Board2520Election2520Rules2C252019595B15D.PDF,D:\Nova Legal\Indian Legal\Category\rules\Sikh2520Gurdwaras2520Board2520Election2520Rules2C252019595B15D.PDF,rules,0.7184,rules,constitutional_law,rules,"'THE SIKH GURDWARAS BOARD ELECTION RULES, 1959",D:\Nova Legal\Indian Legal\Category\rules\Sikh2520Gurdwaras2520Board2520Election2520Rules2C252019595B15D.PDF.metadata.json
2026-08-06T21:08:14.732738+00:00,D:\Nova Legal\Indian Legal\raw\Sikh_Gurrdwara_Act19255B15D.pdf,D:\Nova Legal\Indian Legal\Category\central_acts\Sikh_Gurrdwara_Act19255B15D.pdf,central_acts,0.7217,rules,family_law,central_act,1925: Pb. Act VIII.] SIKH GURDWARAS,D:\Nova Legal\Indian Legal\Category\central_acts\Sikh_Gurrdwara_Act19255B15D.pdf.metadata.json
2026-08-06T21:08:17.082698+00:00,D:\Nova Legal\Indian Legal\raw\SSB-Act20075B15D.pdf,D:\Nova Legal\Indian Legal\Category\central_acts\SSB-Act20075B15D.pdf,central_acts,0.6345,rules,partnership_law,central_act,MINISTRY OF LAW AND JUSTICE,D:\Nova Legal\Indian Legal\Category\central_acts\SSB-Act20075B15D.pdf.metadata.json
2026-08-06T21:08:19.443581+00:00,D:\Nova Legal\Indian Legal\raw\SSB-Rule20095B15D.pdf,D:\Nova Legal\Indian Legal\Category\rules\SSB-Rule20095B15D.pdf,rules,0.776,rules,partnership_law,rules,Page 1 of 110,D:\Nova Legal\Indian Legal\Category\rules\SSB-Rule20095B15D.pdf.metadata.json
2026-08-06T21:08:21.644250+00:00,D:\Nova Legal\Indian Legal\raw\STATE_EMBLEM_ACT2005.pdf,D:\Nova Legal\Indian Legal\Category\unclassified\STATE_EMBLEM_ACT2005.pdf,unclassified,0.5968,rules,intellectual_property_law,unknown,"THE STATE EMBLEM OF INDIA (PROHIBITION OF IMPROPER USE) ACT, 2005",D:\Nova Legal\Indian Legal\Category\unclassified\STATE_EMBLEM_ACT2005.pdf.metadata.json
2026-08-06T21:08:24.208478+00:00,D:\Nova Legal\Indian Legal\raw\StateEmblemRules-2010_05B15D.pdf,D:\Nova Legal\Indian Legal\Category\unclassified\StateEmblemRules-2010_05B15D.pdf,unclassified,0.49,rules,general_or_mixed,unknown,StateEmblemRules-2010_05B15D,D:\Nova Legal\Indian Legal\Category\unclassified\StateEmblemRules-2010_05B15D.pdf.metadata.json
2026-08-06T21:08:26.598494+00:00,D:\Nova Legal\Indian Legal\raw\tender_no._12382_27.07.2026.pdf,D:\Nova Legal\Indian Legal\Category\high_court_orders\tender_no._12382_27.07.2026.pdf,high_court_orders,0.6831,rules,partnership_law,high_court,IN THE HIGH COURT OF DELHI AT NEW DERill,D:\Nova Legal\Indian Legal\Category\high_court_orders\tender_no._12382_27.07.2026.pdf.metadata.json
2026-08-06T21:08:28.981224+00:00,D:\Nova Legal\Indian Legal\raw\The2520Armed2520Forces252028Jammu2520and2520Kashmir292520Special2520Powers2520Act2C252019905B15D.pdf,D:\Nova Legal\Indian Legal\Category\central_acts\The2520Armed2520Forces252028Jammu2520and2520Kashmir292520Special2520Powers2520Act2C252019905B15D.pdf,central_acts,0.7217,rules,constitutional_law,central_act,THE ARMED FORCES (JAMMU AND KASHMIR),D:\Nova Legal\Indian Legal\Category\central_acts\The2520Armed2520Forces252028Jammu2520and2520Kashmir292520Special2520Powers2520Act2C252019905B15D.pdf.metadata.json
2026-08-06T21:08:31.283779+00:00,D:\Nova Legal\Indian Legal\raw\The2520Bombay2520Reorganisation2520Act25201960_2706145B15D.pdf,D:\Nova Legal\Indian Legal\Category\central_acts\The2520Bombay2520Reorganisation2520Act25201960_2706145B15D.pdf,central_acts,0.712,rules,general_or_mixed,central_act,"THE BOMBAY REORGANISATION ACT, 1960",D:\Nova Legal\Indian Legal\Category\central_acts\The2520Bombay2520Reorganisation2520Act25201960_2706145B15D.pdf.metadata.json
2026-08-06T21:08:35.808531+00:00,D:\Nova Legal\Indian Legal\raw\The2520Disaster2520Management2520Act2C252020055B15D.pdf,D:\Nova Legal\Indian Legal\Category\central_acts\The2520Disaster2520Management2520Act2C252020055B15D.pdf,central_acts,0.6939,rules,tax_law,central_act,"THE DISASTER MANAGEMENT ACT, 2005",D:\Nova Legal\Indian Legal\Category\central_acts\The2520Disaster2520Management2520Act2C252020055B15D.pdf.metadata.json
2026-08-06T21:08:42.293044+00:00,D:\Nova Legal\Indian Legal\raw\The2520National2520Investigation2520Agency252028Manner2520of2520Constitution292520Rules2C25202008252028English2520262520Hindi295B15D.pdf,D:\Nova Legal\Indian Legal\Category\notifications\The2520National2520Investigation2520Agency252028Manner2520of2520Constitution292520Rules2C25202008252028English2520262520Hindi295B15D.pdf,notifications,0.8545,rules,criminal_law,notification,Carat Wo Sto Weto~33004/99,D:\Nova Legal\Indian Legal\Category\notifications\The2520National2520Investigation2520Agency252028Manner2520of2520Constitution292520Rules2C25202008252028English2520262520Hindi295B15D.pdf.metadata.json
2026-08-06T21:08:44.743460+00:00,D:\Nova Legal\Indian Legal\raw\The2520National2520Investigation2520Agency2520Act2C25202008252028English295B15D.pdf,D:\Nova Legal\Indian Legal\Category\central_acts\The2520National2520Investigation2520Agency2520Act2C25202008252028English295B15D.pdf,central_acts,0.8052,rules,criminal_law,central_act,"THE NATIONAL INVESTIGATION AGENCY ACT, 2008",D:\Nova Legal\Indian Legal\Category\central_acts\The2520National2520Investigation2520Agency2520Act2C25202008252028English295B15D.pdf.metadata.json
2026-08-06T21:08:49.910138+00:00,D:\Nova Legal\Indian Legal\raw\The2520Procedure2520for2520Admission2520and2520Disposal2520of2520Application2520Rules2C252020045B15D.pdf,D:\Nova Legal\Indian Legal\Category\notifications\The2520Procedure2520for2520Admission2520and2520Disposal2520of2520Application2520Rules2C252020045B15D.pdf,notifications,0.8255,rules,general_or_mixed,notification,Hhpey Zp TRP-23004/99 REGD. NO. D.L..-33004/99,D:\Nova Legal\Indian Legal\Category\notifications\The2520Procedure2520for2520Admission2520and2520Disposal2520of2520Application2520Rules2C252020045B15D.pdf.metadata.json
2026-08-06T21:08:54.347385+00:00,D:\Nova Legal\Indian Legal\raw\The2520Qualifications2520for2520the2520members2520of2520the2520Review2520Committee2520Rules2C252020045B15D.pdf,D:\Nova Legal\Indian Legal\Category\notifications\The2520Qualifications2520for2520the2520members2520of2520the2520Review2520Committee2520Rules2C252020045B15D.pdf,notifications,0.8691,rules,general_or_mixed,notification,ae Rs NW DS eee ees aee ae le,D:\Nova Legal\Indian Legal\Category\notifications\The2520Qualifications2520for2520the2520members2520of2520the2520Review2520Committee2520Rules2C252020045B15D.pdf.metadata.json
2026-08-06T21:08:56.663894+00:00,D:\Nova Legal\Indian Legal\raw\The2520State2520Reorganisation2520Act25201956_2706145B15D.pdf,D:\Nova Legal\Indian Legal\Category\unclassified\The2520State2520Reorganisation2520Act25201956_2706145B15D.pdf,unclassified,0.612,rules,general_or_mixed,unknown,"THE STATES REORGANISATION ACT, 1956",D:\Nova Legal\Indian Legal\Category\unclassified\The2520State2520Reorganisation2520Act25201956_2706145B15D.pdf.metadata.json
2026-08-06T21:09:04.178336+00:00,D:\Nova Legal\Indian Legal\raw\The2520Unlawful2520Activities252028Prevention29252028Recommendation2520and2520Sanction2520of2520Prosecution292520Rules2C25202008252028English2520262520Hindi295B15D.pdf,D:\Nova Legal\Indian Legal\Category\unclassified\The2520Unlawful2520Activities252028Prevention29252028Recommendation2520and2520Sanction2520of2520Prosecution292520Rules2C25202008252028English2520262520Hindi295B15D.pdf,unclassified,0.476,rules,criminal_law,unknown,Cast Wo Sto TeIo-33004/99,D:\Nova Legal\Indian Legal\Category\unclassified\The2520Unlawful2520Activities252028Prevention29252028Recommendation2520and2520Sanction2520of2520Prosecution292520Rules2C25202008252028English2520262520Hindi295B15D.pdf.metadata.json
2026-08-06T21:09:06.688170+00:00,D:\Nova Legal\Indian Legal\raw\The2520Unlawful2520Activities252028Prevention292520Act2C25201967252028English295B15D.pdf,D:\Nova Legal\Indian Legal\Category\central_acts\The2520Unlawful2520Activities252028Prevention292520Act2C25201967252028English295B15D.pdf,central_acts,0.7774,rules,partnership_law,central_act,"THE UNLAWFUL ACTIVITIES (PREVENTION) ACT, 1967",D:\Nova Legal\Indian Legal\Category\central_acts\The2520Unlawful2520Activities252028Prevention292520Act2C25201967252028English295B15D.pdf.metadata.json
2026-08-06T21:09:28.947758+00:00,D:\Nova Legal\Indian Legal\raw\The2520Unlawful2520Activities252028Prevention292520Amendment2520Act2C25202004252028English295B15D.pdf,D:\Nova Legal\Indian Legal\Category\unclassified\The2520Unlawful2520Activities252028Prevention292520Amendment2520Act2C25202004252028English295B15D.pdf,unclassified,0.476,rules,criminal_law,unknown,ee /2003—05 REGISTERED NO. DL—(N)04/0007/2003—05,D:\Nova Legal\Indian Legal\Category\unclassified\The2520Unlawful2520Activities252028Prevention292520Amendment2520Act2C25202004252028English295B15D.pdf.metadata.json
2026-08-06T21:09:45.077595+00:00,D:\Nova Legal\Indian Legal\raw\The2520Unlawful2520Activities252028Prevention292520Amendment2520Act2C25202008252028English295B15D.pdf,D:\Nova Legal\Indian Legal\Category\amendment_acts\The2520Unlawful2520Activities252028Prevention292520Amendment2520Act2C25202008252028English295B15D.pdf,amendment_acts,0.776,rules,criminal_law,central_act,37 of 1967.,D:\Nova Legal\Indian Legal\Category\amendment_acts\The2520Unlawful2520Activities252028Prevention292520Amendment2520Act2C25202008252028English295B15D.pdf.metadata.json
2026-08-06T21:09:58.169436+00:00,D:\Nova Legal\Indian Legal\raw\The2520Unlawful2520Activities252028Prevention292520Amendment2520Act2C25202012252028English295B15D.pdf,D:\Nova Legal\Indian Legal\Category\amendment_acts\The2520Unlawful2520Activities252028Prevention292520Amendment2520Act2C25202012252028English295B15D.pdf,amendment_acts,0.728,rules,partnership_law,central_act,37 of 1967.,D:\Nova Legal\Indian Legal\Category\amendment_acts\The2520Unlawful2520Activities252028Prevention292520Amendment2520Act2C25202012252028English295B15D.pdf.metadata.json
2026-08-06T21:10:05.127356+00:00,D:\Nova Legal\Indian Legal\raw\The2520Unlawful2520Activities252028Prevention292520Rules2C25201968252028English295B15D.pdf,D:\Nova Legal\Indian Legal\Category\unclassified\The2520Unlawful2520Activities252028Prevention292520Rules2C25201968252028English295B15D.pdf,unclassified,0.476,rules,evidence_law,unknown,Thtert Go Wo 321 REGISTERED No. D. 221,D:\Nova Legal\Indian Legal\Category\unclassified\The2520Unlawful2520Activities252028Prevention292520Rules2C25201968252028English295B15D.pdf.metadata.json
2026-08-06T21:10:07.367456+00:00,D:\Nova Legal\Indian Legal\raw\The_Registration_of_Foreigners_Act_19395B15D.pdf,D:\Nova Legal\Indian Legal\Category\notifications\The_Registration_of_Foreigners_Act_19395B15D.pdf,notifications,0.7527,rules,evidence_law,notification,"THE REGISTRATION OF FOREIGNERS ACT, 1939",D:\Nova Legal\Indian Legal\Category\notifications\The_Registration_of_Foreigners_Act_19395B15D.pdf.metadata.json
2026-08-06T21:10:49.190123+00:00,D:\Nova Legal\Indian Legal\raw\TheArmsRules19625B15D.pdf,D:\Nova Legal\Indian Legal\Category\rules\TheArmsRules19625B15D.pdf,rules,0.7184,rules,environmental_law,rules,"THE ARMS RULES, 1962!",D:\Nova Legal\Indian Legal\Category\rules\TheArmsRules19625B15D.pdf.metadata.json
2026-08-06T21:10:51.897085+00:00,D:\Nova Legal\Indian Legal\raw\TheCCP28Amendment29Act2C20055B15D.pdf,D:\Nova Legal\Indian Legal\Category\central_acts\TheCCP28Amendment29Act2C20055B15D.pdf,central_acts,0.68,rules,criminal_law,central_act,"THE CODE OF CRIMINAL PROCEDURE (AMENDMENT) ACT, 2005",D:\Nova Legal\Indian Legal\Category\central_acts\TheCCP28Amendment29Act2C20055B15D.pdf.metadata.json
2026-08-06T21:11:11.389055+00:00,D:\Nova Legal\Indian Legal\raw\TheCitizenshipRules2009_02012025.pdf,D:\Nova Legal\Indian Legal\Category\unclassified\TheCitizenshipRules2009_02012025.pdf,unclassified,0.49,rules,partnership_law,unknown,"Aad ao Slo WeIo-33004/99 REGD. NO, D. L.-33004/99",D:\Nova Legal\Indian Legal\Category\unclassified\TheCitizenshipRules2009_02012025.pdf.metadata.json
2026-08-06T21:11:13.768885+00:00,D:\Nova Legal\Indian Legal\raw\TheCommissionsOfInquiryRules2C19725B15D.pdf,D:\Nova Legal\Indian Legal\Category\rules\TheCommissionsOfInquiryRules2C19725B15D.pdf,rules,0.7184,rules,tax_law,rules,"THE COMMISSIONS OF INQUIRY (CENTRAL) RULES, 1972",D:\Nova Legal\Indian Legal\Category\rules\TheCommissionsOfInquiryRules2C19725B15D.pdf.metadata.json
2026-08-06T21:11:17.700990+00:00,D:\Nova Legal\Indian Legal\raw\TheConst96AndmtAct20115B15D.pdf,D:\Nova Legal\Indian Legal\Category\constitution_and_constitutional_documents\TheConst96AndmtAct20115B15D.pdf,constitution_and_constitutional_documents,0.68,rules,constitutional_law,constitution,tarest We Pe Uet-—(wA7)04/0007/2003—-11 REGISTERED NO. DL—(N)04/0007/2003—11,D:\Nova Legal\Indian Legal\Category\constitution_and_constitutional_documents\TheConst96AndmtAct20115B15D.pdf.metadata.json
2026-08-06T21:11:59.535190+00:00,D:\Nova Legal\Indian Legal\raw\TheCrimnalLaw0304135B15D.pdf,D:\Nova Legal\Indian Legal\Category\amendment_acts\TheCrimnalLaw0304135B15D.pdf,amendment_acts,0.808,rules,criminal_law,central_act,ast de Se WeI—(HA)04/0007/2003—13 REGISTERED NO. DL—(N)04/0007/2603—13,D:\Nova Legal\Indian Legal\Category\amendment_acts\TheCrimnalLaw0304135B15D.pdf.metadata.json
2026-08-06T21:12:59.470113+00:00,D:\Nova Legal\Indian Legal\raw\TheEnemypropertyAct2C19685B15D.pdf,D:\Nova Legal\Indian Legal\Category\central_acts\TheEnemypropertyAct2C19685B15D.pdf,central_acts,0.68,rules,partnership_law,central_act,A prt a. 221,D:\Nova Legal\Indian Legal\Category\central_acts\TheEnemypropertyAct2C19685B15D.pdf.metadata.json
2026-08-06T21:13:01.778868+00:00,D:\Nova Legal\Indian Legal\raw\TheForeignContributionAmendmentAct_2020_091020205B15D.pdf,D:\Nova Legal\Indian Legal\Category\amendment_acts\TheForeignContributionAmendmentAct_2020_091020205B15D.pdf,amendment_acts,0.728,rules,criminal_law,central_act,THE FOREIGN CONTRIBUTION (REGULATION),D:\Nova Legal\Indian Legal\Category\amendment_acts\TheForeignContributionAmendmentAct_2020_091020205B15D.pdf.metadata.json
2026-08-06T21:13:04.108406+00:00,D:\Nova Legal\Indian Legal\raw\TheForeignersAct19465B15D.pdf,D:\Nova Legal\Indian Legal\Category\notifications\TheForeignersAct19465B15D.pdf,notifications,0.7091,rules,family_law,notification,"Act Name : THE FOREIGNERS ACT, 1946",D:\Nova Legal\Indian Legal\Category\notifications\TheForeignersAct19465B15D.pdf.metadata.json
2026-08-06T21:13:06.559629+00:00,D:\Nova Legal\Indian Legal\raw\THENATIONALINVESTIGATIONAGENCYACT2008_03032020_05B15D.pdf,D:\Nova Legal\Indian Legal\Category\central_acts\THENATIONALINVESTIGATIONAGENCYACT2008_03032020_05B15D.pdf,central_acts,0.68,rules,criminal_law,central_act,"THE NATIONAL INVESTIGATION AGENCY (AMENDMENT) ACT, 2019",D:\Nova Legal\Indian Legal\Category\central_acts\THENATIONALINVESTIGATIONAGENCYACT2008_03032020_05B15D.pdf.metadata.json
2026-08-06T21:13:08.729474+00:00,D:\Nova Legal\Indian Legal\raw\ThePunjabSpecialPowersAct19565B15D.pdf,D:\Nova Legal\Indian Legal\Category\central_acts\ThePunjabSpecialPowersAct19565B15D.pdf,central_acts,1.0,rules,partnership_law,central_act,THE PUNJAB SPECIAL POWERS (PRESS),D:\Nova Legal\Indian Legal\Category\central_acts\ThePunjabSpecialPowersAct19565B15D.pdf.metadata.json
2026-08-06T21:13:11.154781+00:00,D:\Nova Legal\Indian Legal\raw\TheRashtriyaRakshaUniversityAct2020_05012021_15B15D.pdf,D:\Nova Legal\Indian Legal\Category\ordinances\TheRashtriyaRakshaUniversityAct2020_05012021_15B15D.pdf,ordinances,0.6298,rules,family_law,central_act,"THE RASHTRIYA RAKSHA UNIVERSITY ACT, 2020",D:\Nova Legal\Indian Legal\Category\ordinances\TheRashtriyaRakshaUniversityAct2020_05012021_15B15D.pdf.metadata.json
2026-08-06T21:13:13.441973+00:00,D:\Nova Legal\Indian Legal\raw\Transfer_prisoners_act19505B15D.pdf,D:\Nova Legal\Indian Legal\Category\repealing_and_amending_acts\Transfer_prisoners_act19505B15D.pdf,repealing_and_amending_acts,0.728,rules,general_or_mixed,central_act,"[THE] TRANSFER OF PRISONERS ACT, 1950",D:\Nova Legal\Indian Legal\Category\repealing_and_amending_acts\Transfer_prisoners_act19505B15D.pdf.metadata.json
2026-08-06T21:13:18.041249+00:00,D:\Nova Legal\Indian Legal\raw\UpdatedGovernorsRules1987_051120185B15D.pdf,D:\Nova Legal\Indian Legal\Category\rules\UpdatedGovernorsRules1987_051120185B15D.pdf,rules,0.744,rules,family_law,rules,Government of India,D:\Nova Legal\Indian Legal\Category\rules\UpdatedGovernorsRules1987_051120185B15D.pdf.metadata.json
2026-08-06T21:13:20.371022+00:00,D:\Nova Legal\Indian Legal\raw\UpdatedPresidentPensionRules1962_110520185B15D.pdf,D:\Nova Legal\Indian Legal\Category\unclassified\UpdatedPresidentPensionRules1962_110520185B15D.pdf,unclassified,0.5766,rules,family_law,unknown,MINISTRY OF HOME AFFAIRS,D:\Nova Legal\Indian Legal\Category\unclassified\UpdatedPresidentPensionRules1962_110520185B15D.pdf.metadata.json
2026-08-06T21:13:22.659580+00:00,D:\Nova Legal\Indian Legal\raw\UpdatedVicePresidentRules1999_11052018_15B15D.pdf,D:\Nova Legal\Indian Legal\Category\unclassified\UpdatedVicePresidentRules1999_11052018_15B15D.pdf,unclassified,0.5766,rules,family_law,unknown,MINISTRY OF HOME AFFAIRS,D:\Nova Legal\Indian Legal\Category\unclassified\UpdatedVicePresidentRules1999_11052018_15B15D.pdf.metadata.json
2026-08-06T21:14:07.281173+00:00,D:\Nova Legal\Indian Legal\raw\UPReogAct2000_1309135B15D.PDF,D:\Nova Legal\Indian Legal\Category\unclassified\UPReogAct2000_1309135B15D.PDF,unclassified,0.612,rules,banking_and_finance_law,unknown,terest He Stouee-33004 / 2000,D:\Nova Legal\Indian Legal\Category\unclassified\UPReogAct2000_1309135B15D.PDF.metadata.json
2026-08-06T21:14:12.458302+00:00,D:\Nova Legal\Indian Legal\raw\userGuide.pdf,D:\Nova Legal\Indian Legal\Category\unclassified\userGuide.pdf,unclassified,0.0,rules,family_law,unknown,Search Tips for Searching India Code,D:\Nova Legal\Indian Legal\Category\unclassified\userGuide.pdf.metadata.json
2026-08-06T21:14:22.233512+00:00,D:\Nova Legal\Indian Legal\raw\UTdiv_Act_3112019_05B15D.pdf,D:\Nova Legal\Indian Legal\Category\unclassified\UTdiv_Act_3112019_05B15D.pdf,unclassified,0.612,rules,banking_and_finance_law,unknown,THE DADRA AND NAGAR HAVELI AND DAMAN AND DIU,D:\Nova Legal\Indian Legal\Category\unclassified\UTdiv_Act_3112019_05B15D.pdf.metadata.json
2026-08-06T21:14:24.764150+00:00,D:\Nova Legal\Indian Legal\raw\Vice_presidents_pension_act19975B15D.pdf,D:\Nova Legal\Indian Legal\Category\amendment_acts\Vice_presidents_pension_act19975B15D.pdf,amendment_acts,0.728,rules,family_law,central_act,"THE VICE-PRESIDENT’S PENSION ACT, 1997",D:\Nova Legal\Indian Legal\Category\amendment_acts\Vice_presidents_pension_act19975B15D.pdf.metadata.json
2026-08-06T21:14:29.329131+00:00,D:\Nova Legal\Indian Legal\raw\VicePresidentActupto2018_090820185B15D.pdf,D:\Nova Legal\Indian Legal\Category\amendment_acts\VicePresidentActupto2018_090820185B15D.pdf,amendment_acts,0.728,rules,family_law,central_act,"THE VICE-PRESIDENT’S PENSION ACT, 1997",D:\Nova Legal\Indian Legal\Category\amendment_acts\VicePresidentActupto2018_090820185B15D.pdf.metadata.json
2026-08-06T21:14:33.914976+00:00,D:\Nova Legal\Indian Legal\raw\VicePresidentRulesupto2018_090820185B15D.pdf,D:\Nova Legal\Indian Legal\Category\unclassified\VicePresidentRulesupto2018_090820185B15D.pdf,unclassified,0.5766,rules,family_law,unknown,MINISTRY OF HOME AFFAIRS,D:\Nova Legal\Indian Legal\Category\unclassified\VicePresidentRulesupto2018_090820185B15D.pdf.metadata.json
2026-08-06T21:14:47.252877+00:00,D:\Nova Legal\Indian Legal\raw\WP-No.32027W.pdf,D:\Nova Legal\Indian Legal\Category\affidavits\WP-No.32027W.pdf,affidavits,0.6589,rules,constitutional_law,unknown,14.07.11 C.P.A.N. 1270 of 2010,D:\Nova Legal\Indian Legal\Category\affidavits\WP-No.32027W.pdf.metadata.json
2026-08-06T21:14:49.713037+00:00,D:\Nova Legal\Indian Legal\raw\Young_Persons_Harmful2520Publication_2520Act19565B15D.pdf,D:\Nova Legal\Indian Legal\Category\notifications\Young_Persons_Harmful2520Publication_2520Act19565B15D.pdf,notifications,0.7091,rules,criminal_law,notification,"THE YOUNG PERSONS (HARMFUL PUBLICATIONS) ACT,",D:\Nova Legal\Indian Legal\Category\notifications\Young_Persons_Harmful2520Publication_2520Act19565B15D.pdf.metadata.json
