processed_at,source,confidence,top_scores,warnings
2026-08-06T20:49:59.665687+00:00,D:\Nova Legal\Indian Legal\raw\2011amendmentinDMCAct1957_290420175B15D.pdf,0.49,"{""central_acts"": 2.5, ""constitution_and_constitutional_documents"": 0.0, ""state_acts"": 0.0, ""amendment_acts"": 0.0, ""repealing_and_amending_acts"": 0.0, ""ordinances"": 0.0, ""bills"": 0.0, ""rules"": 0.0}",Classification used first 15/29 pages.
2026-08-06T20:50:59.268922+00:00,D:\Nova Legal\Indian Legal\raw\76005082026CRLA8442017_144004.pdf,0.4265,"{""high_court_orders"": 5.6, ""recruitment_and_examinations"": 4.8, ""constitution_and_constitutional_documents"": 0.0, ""central_acts"": 0.0, ""state_acts"": 0.0, ""amendment_acts"": 0.0, ""repealing_and_amending_acts"": 0.0, ""ordinances"": 0.0}",Classification used first 15/85 pages.
2026-08-06T20:51:20.758676+00:00,D:\Nova Legal\Indian Legal\raw\advertisement_for_senior_faculty_member.pdf,0.0,"{""constitution_and_constitutional_documents"": 0.0, ""central_acts"": 0.0, ""state_acts"": 0.0, ""amendment_acts"": 0.0, ""repealing_and_amending_acts"": 0.0, ""ordinances"": 0.0, ""bills"": 0.0, ""rules"": 0.0}",
2026-08-06T20:52:55.907409+00:00,D:\Nova Legal\Indian Legal\raw\AssamRifesAct20065B15D.pdf,0.476,"{""central_acts"": 7.0, ""notifications"": 7.0, ""gazette_publications"": 5.0, ""constitution_and_constitutional_documents"": 0.0, ""state_acts"": 0.0, ""amendment_acts"": 0.0, ""repealing_and_amending_acts"": 0.0, ""ordinances"": 0.0}",Classification used first 15/39 pages.
2026-08-06T20:53:48.752265+00:00,D:\Nova Legal\Indian Legal\raw\bank_account_details_dhc.pdf,0.5376,"{""high_court_orders"": 3.2, ""constitution_and_constitutional_documents"": 0.0, ""central_acts"": 0.0, ""state_acts"": 0.0, ""amendment_acts"": 0.0, ""repealing_and_amending_acts"": 0.0, ""ordinances"": 0.0, ""bills"": 0.0}",
2026-08-06T20:54:20.662923+00:00,D:\Nova Legal\Indian Legal\raw\BiharReorAct2000_1309135B15D.PDF,0.612,"{""ordinances"": 9.0, ""high_court_judgments"": 9.0, ""central_acts"": 8.5, ""notifications"": 7.0, ""gazette_publications"": 6.0, ""contracts_and_agreements"": 6.0, ""forms_and_schedules"": 3.0, ""constitution_and_constitutional_documents"": 0.0}",Classification used first 15/41 pages.
2026-08-06T20:55:15.163959+00:00,D:\Nova Legal\Indian Legal\raw\combinbed_pro_05.08.2026.pdf,0.5376,"{""high_court_orders"": 3.2, ""constitution_and_constitutional_documents"": 0.0, ""central_acts"": 0.0, ""state_acts"": 0.0, ""amendment_acts"": 0.0, ""repealing_and_amending_acts"": 0.0, ""ordinances"": 0.0, ""bills"": 0.0}",
2026-08-06T20:55:17.472932+00:00,D:\Nova Legal\Indian Legal\raw\combined_pro_31.07.2026.pdf,0.5376,"{""high_court_orders"": 3.2, ""constitution_and_constitutional_documents"": 0.0, ""central_acts"": 0.0, ""state_acts"": 0.0, ""amendment_acts"": 0.0, ""repealing_and_amending_acts"": 0.0, ""ordinances"": 0.0, ""bills"": 0.0}",
2026-08-06T20:55:26.593420+00:00,D:\Nova Legal\Indian Legal\raw\crpf_act19495B15D.pdf,0.476,"{""central_acts"": 7.0, ""notifications"": 7.0, ""gazette_publications"": 5.0, ""forms_and_schedules"": 3.0, ""constitution_and_constitutional_documents"": 0.0, ""state_acts"": 0.0, ""amendment_acts"": 0.0, ""repealing_and_amending_acts"": 0.0}",
2026-08-06T20:58:34.410180+00:00,D:\Nova Legal\Indian Legal\raw\FC-RegulationAct-2010-C5B15D.pdf,0.5968,"{""central_acts"": 8.5, ""government_guidelines"": 8.0, ""notifications"": 7.0, ""gazette_publications"": 6.0, ""forms_and_schedules"": 3.0, ""regulations"": 2.5, ""constitution_and_constitutional_documents"": 0.0, ""state_acts"": 0.0}",Classification used first 15/23 pages.
2026-08-06T20:58:58.355881+00:00,D:\Nova Legal\Indian Legal\raw\FC-rules20115B15D.pdf,0.5,"{""gazette_publications"": 5.0, ""rules"": 2.5, ""constitution_and_constitutional_documents"": 0.0, ""central_acts"": 0.0, ""state_acts"": 0.0, ""amendment_acts"": 0.0, ""repealing_and_amending_acts"": 0.0, ""ordinances"": 0.0}",Classification used first 15/44 pages.
2026-08-06T21:01:13.980678+00:00,D:\Nova Legal\Indian Legal\raw\j_03082026.pdf,0.5376,"{""high_court_orders"": 3.2, ""constitution_and_constitutional_documents"": 0.0, ""central_acts"": 0.0, ""state_acts"": 0.0, ""amendment_acts"": 0.0, ""repealing_and_amending_acts"": 0.0, ""ordinances"": 0.0, ""bills"": 0.0}",
2026-08-06T21:01:16.108536+00:00,D:\Nova Legal\Indian Legal\raw\jud-03082026_odtt.pdf,0.0,"{""constitution_and_constitutional_documents"": 0.0, ""central_acts"": 0.0, ""state_acts"": 0.0, ""amendment_acts"": 0.0, ""repealing_and_amending_acts"": 0.0, ""ordinances"": 0.0, ""bills"": 0.0, ""rules"": 0.0}",
2026-08-06T21:01:18.230577+00:00,D:\Nova Legal\Indian Legal\raw\jud-03082026_odtt_0.pdf,0.4832,"{""high_court_orders"": 2.4, ""constitution_and_constitutional_documents"": 0.0, ""central_acts"": 0.0, ""state_acts"": 0.0, ""amendment_acts"": 0.0, ""repealing_and_amending_acts"": 0.0, ""ordinances"": 0.0, ""bills"": 0.0}",
2026-08-06T21:01:20.481069+00:00,D:\Nova Legal\Indian Legal\raw\jud-03082026_odtt_1.pdf,0.4832,"{""high_court_orders"": 2.4, ""constitution_and_constitutional_documents"": 0.0, ""central_acts"": 0.0, ""state_acts"": 0.0, ""amendment_acts"": 0.0, ""repealing_and_amending_acts"": 0.0, ""ordinances"": 0.0, ""bills"": 0.0}",
2026-08-06T21:01:22.721802+00:00,D:\Nova Legal\Indian Legal\raw\jud-04082026.odtttt.pdf,0.5376,"{""high_court_orders"": 3.2, ""constitution_and_constitutional_documents"": 0.0, ""central_acts"": 0.0, ""state_acts"": 0.0, ""amendment_acts"": 0.0, ""repealing_and_amending_acts"": 0.0, ""ordinances"": 0.0, ""bills"": 0.0}",
2026-08-06T21:01:24.965920+00:00,D:\Nova Legal\Indian Legal\raw\jud-05082026.odttttt.pdf,0.4832,"{""high_court_orders"": 2.4, ""constitution_and_constitutional_documents"": 0.0, ""central_acts"": 0.0, ""state_acts"": 0.0, ""amendment_acts"": 0.0, ""repealing_and_amending_acts"": 0.0, ""ordinances"": 0.0, ""bills"": 0.0}",
2026-08-06T21:01:27.280382+00:00,D:\Nova Legal\Indian Legal\raw\jud-05082026.odttttt_0.pdf,0.4832,"{""high_court_orders"": 2.4, ""constitution_and_constitutional_documents"": 0.0, ""central_acts"": 0.0, ""state_acts"": 0.0, ""amendment_acts"": 0.0, ""repealing_and_amending_acts"": 0.0, ""ordinances"": 0.0, ""bills"": 0.0}",
2026-08-06T21:01:29.488197+00:00,D:\Nova Legal\Indian Legal\raw\jud-05082026.odttttt_1.pdf,0.0,"{""constitution_and_constitutional_documents"": 0.0, ""central_acts"": 0.0, ""state_acts"": 0.0, ""amendment_acts"": 0.0, ""repealing_and_amending_acts"": 0.0, ""ordinances"": 0.0, ""bills"": 0.0, ""rules"": 0.0}",
2026-08-06T21:01:31.729518+00:00,D:\Nova Legal\Indian Legal\raw\jud-31072026.odtt.pdf,0.4832,"{""high_court_orders"": 2.4, ""constitution_and_constitutional_documents"": 0.0, ""central_acts"": 0.0, ""state_acts"": 0.0, ""amendment_acts"": 0.0, ""repealing_and_amending_acts"": 0.0, ""ordinances"": 0.0, ""bills"": 0.0}",
2026-08-06T21:01:33.962492+00:00,D:\Nova Legal\Indian Legal\raw\jud_01_for_31.07.2026_1.pdf,0.0,"{""constitution_and_constitutional_documents"": 0.0, ""central_acts"": 0.0, ""state_acts"": 0.0, ""amendment_acts"": 0.0, ""repealing_and_amending_acts"": 0.0, ""ordinances"": 0.0, ""bills"": 0.0, ""rules"": 0.0}",
2026-08-06T21:01:36.118468+00:00,D:\Nova Legal\Indian Legal\raw\jud_1_for_03.08.2026.pdf,0.0,"{""constitution_and_constitutional_documents"": 0.0, ""central_acts"": 0.0, ""state_acts"": 0.0, ""amendment_acts"": 0.0, ""repealing_and_amending_acts"": 0.0, ""ordinances"": 0.0, ""bills"": 0.0, ""rules"": 0.0}",
2026-08-06T21:03:21.063859+00:00,D:\Nova Legal\Indian Legal\raw\NBK04082026RFA732025_172059.pdf,0.476,"{""petitions_and_pleadings"": 7.0, ""affidavits"": 7.0, ""high_court_orders"": 5.6, ""recruitment_and_examinations"": 4.8, ""forms_and_schedules"": 3.0, ""constitution_and_constitutional_documents"": 0.0, ""central_acts"": 0.0, ""state_acts"": 0.0}",Classification used first 15/32 pages.
2026-08-06T21:03:25.968441+00:00,D:\Nova Legal\Indian Legal\raw\NBK04082026RSA572018_171930.pdf,0.612,"{""arbitral_awards"": 9.0, ""legal_notices"": 9.0, ""district_court_judgments"": 8.0, ""petitions_and_pleadings"": 7.0, ""affidavits"": 7.0, ""contracts_and_agreements"": 6.0, ""recruitment_and_examinations"": 4.8, ""constitution_and_constitutional_documents"": 0.0}",Classification used first 15/27 pages.
2026-08-06T21:04:55.416729+00:00,D:\Nova Legal\Indian Legal\raw\NotiDeputyCustodianofEnemyProperty613E_2909145B15D.pdf,0.5674,"{""notifications"": 7.0, ""gazette_publications"": 5.0, ""recruitment_and_examinations"": 4.8, ""central_acts"": 4.5, ""forms_and_schedules"": 3.0, ""constitution_and_constitutional_documents"": 0.0, ""state_acts"": 0.0, ""amendment_acts"": 0.0}",
2026-08-06T21:05:49.836218+00:00,D:\Nova Legal\Indian Legal\raw\OSA25201923_25042017_05B15D.pdf,0.0,"{""constitution_and_constitutional_documents"": 0.0, ""central_acts"": 0.0, ""state_acts"": 0.0, ""amendment_acts"": 0.0, ""repealing_and_amending_acts"": 0.0, ""ordinances"": 0.0, ""bills"": 0.0, ""rules"": 0.0}",
2026-08-06T21:06:20.871557+00:00,D:\Nova Legal\Indian Legal\raw\Pondicherry_Rule_180520175B15D.PDF,0.5217,"{""notifications"": 7.0, ""contracts_and_agreements"": 6.0, ""recruitment_and_examinations"": 4.8, ""forms_and_schedules"": 3.0, ""constitution_and_constitutional_documents"": 0.0, ""central_acts"": 0.0, ""state_acts"": 0.0, ""amendment_acts"": 0.0}",Classification used first 15/21 pages.
2026-08-06T21:06:32.023587+00:00,D:\Nova Legal\Indian Legal\raw\PresidentPensionRulesupto2018_090820185B15D.pdf,0.5766,"{""notifications"": 7.0, ""recruitment_and_examinations"": 4.8, ""central_acts"": 4.5, ""forms_and_schedules"": 3.0, ""rules"": 2.5, ""constitution_and_constitutional_documents"": 0.0, ""state_acts"": 0.0, ""amendment_acts"": 0.0}",
2026-08-06T21:06:45.309757+00:00,D:\Nova Legal\Indian Legal\raw\pro_for_04.08.2026.pdf,0.5376,"{""high_court_orders"": 3.2, ""constitution_and_constitutional_documents"": 0.0, ""central_acts"": 0.0, ""state_acts"": 0.0, ""amendment_acts"": 0.0, ""repealing_and_amending_acts"": 0.0, ""ordinances"": 0.0, ""bills"": 0.0}",
2026-08-06T21:06:47.499407+00:00,D:\Nova Legal\Indian Legal\raw\pro_for_06.08.2026.pdf,0.5376,"{""high_court_orders"": 3.2, ""constitution_and_constitutional_documents"": 0.0, ""central_acts"": 0.0, ""state_acts"": 0.0, ""amendment_acts"": 0.0, ""repealing_and_amending_acts"": 0.0, ""ordinances"": 0.0, ""bills"": 0.0}",
2026-08-06T21:07:17.029083+00:00,D:\Nova Legal\Indian Legal\raw\RepatriationRules20045B15D.pdf,0.5217,"{""notifications"": 7.0, ""contracts_and_agreements"": 6.0, ""gazette_publications"": 5.0, ""central_acts"": 4.5, ""forms_and_schedules"": 3.0, ""rules"": 2.5, ""constitution_and_constitutional_documents"": 0.0, ""state_acts"": 0.0}",
2026-08-06T21:07:40.308837+00:00,D:\Nova Legal\Indian Legal\raw\RulesBharatRatna26PadmaAwards_0_0.pdf,0.584,"{""circulars"": 8.0, ""notifications"": 7.0, ""gazette_publications"": 5.0, ""forms_and_schedules"": 3.0, ""rules"": 2.5, ""constitution_and_constitutional_documents"": 0.0, ""central_acts"": 0.0, ""state_acts"": 0.0}",
2026-08-06T21:07:48.808968+00:00,D:\Nova Legal\Indian Legal\raw\Section220oftheFinanceAct_2018_091020205B15D.pdf,0.5947,"{""gazette_publications"": 6.0, ""central_acts"": 2.5, ""constitution_and_constitutional_documents"": 0.0, ""state_acts"": 0.0, ""amendment_acts"": 0.0, ""repealing_and_amending_acts"": 0.0, ""ordinances"": 0.0, ""bills"": 0.0}",
2026-08-06T21:08:21.644250+00:00,D:\Nova Legal\Indian Legal\raw\STATE_EMBLEM_ACT2005.pdf,0.5968,"{""central_acts"": 8.5, ""circulars"": 8.0, ""government_guidelines"": 8.0, ""notifications"": 7.0, ""forms_and_schedules"": 3.0, ""constitution_and_constitutional_documents"": 0.0, ""state_acts"": 0.0, ""amendment_acts"": 0.0}",
2026-08-06T21:08:24.208478+00:00,D:\Nova Legal\Indian Legal\raw\StateEmblemRules-2010_05B15D.pdf,0.49,"{""rules"": 2.5, ""constitution_and_constitutional_documents"": 0.0, ""central_acts"": 0.0, ""state_acts"": 0.0, ""amendment_acts"": 0.0, ""repealing_and_amending_acts"": 0.0, ""ordinances"": 0.0, ""bills"": 0.0}",No useful text extracted.
2026-08-06T21:08:56.663894+00:00,D:\Nova Legal\Indian Legal\raw\The2520State2520Reorganisation2520Act25201956_2706145B15D.pdf,0.612,"{""ordinances"": 9.0, ""high_court_orders"": 9.0, ""central_acts"": 8.5, ""state_acts"": 7.0, ""notifications"": 7.0, ""forms_and_schedules"": 3.0, ""constitution_and_constitutional_documents"": 0.0, ""amendment_acts"": 0.0}",Classification used first 15/74 pages.
2026-08-06T21:09:04.178336+00:00,D:\Nova Legal\Indian Legal\raw\The2520Unlawful2520Activities252028Prevention29252028Recommendation2520and2520Sanction2520of2520Prosecution292520Rules2C25202008252028English2520262520Hindi295B15D.pdf,0.476,"{""central_acts"": 7.0, ""notifications"": 7.0, ""gazette_publications"": 5.0, ""rules"": 2.5, ""constitution_and_constitutional_documents"": 0.0, ""state_acts"": 0.0, ""amendment_acts"": 0.0, ""repealing_and_amending_acts"": 0.0}",
2026-08-06T21:09:28.947758+00:00,D:\Nova Legal\Indian Legal\raw\The2520Unlawful2520Activities252028Prevention292520Amendment2520Act2C25202004252028English295B15D.pdf,0.476,"{""central_acts"": 7.0, ""notifications"": 7.0, ""gazette_publications"": 6.0, ""forms_and_schedules"": 3.0, ""constitution_and_constitutional_documents"": 0.0, ""state_acts"": 0.0, ""amendment_acts"": 0.0, ""repealing_and_amending_acts"": 0.0}",
2026-08-06T21:10:05.127356+00:00,D:\Nova Legal\Indian Legal\raw\The2520Unlawful2520Activities252028Prevention292520Rules2C25201968252028English295B15D.pdf,0.476,"{""central_acts"": 7.0, ""notifications"": 7.0, ""gazette_publications"": 6.0, ""forms_and_schedules"": 3.0, ""rules"": 2.5, ""constitution_and_constitutional_documents"": 0.0, ""state_acts"": 0.0, ""amendment_acts"": 0.0}",
2026-08-06T21:11:11.389055+00:00,D:\Nova Legal\Indian Legal\raw\TheCitizenshipRules2009_02012025.pdf,0.49,"{""rules"": 2.5, ""constitution_and_constitutional_documents"": 0.0, ""central_acts"": 0.0, ""state_acts"": 0.0, ""amendment_acts"": 0.0, ""repealing_and_amending_acts"": 0.0, ""ordinances"": 0.0, ""bills"": 0.0}",Classification used first 15/155 pages.
2026-08-06T21:13:20.371022+00:00,D:\Nova Legal\Indian Legal\raw\UpdatedPresidentPensionRules1962_110520185B15D.pdf,0.5766,"{""notifications"": 7.0, ""recruitment_and_examinations"": 4.8, ""central_acts"": 4.5, ""forms_and_schedules"": 3.0, ""rules"": 2.5, ""constitution_and_constitutional_documents"": 0.0, ""state_acts"": 0.0, ""amendment_acts"": 0.0}",
2026-08-06T21:13:22.659580+00:00,D:\Nova Legal\Indian Legal\raw\UpdatedVicePresidentRules1999_11052018_15B15D.pdf,0.5766,"{""notifications"": 7.0, ""recruitment_and_examinations"": 4.8, ""central_acts"": 4.5, ""forms_and_schedules"": 3.0, ""rules"": 2.5, ""constitution_and_constitutional_documents"": 0.0, ""state_acts"": 0.0, ""amendment_acts"": 0.0}",
2026-08-06T21:14:07.281173+00:00,D:\Nova Legal\Indian Legal\raw\UPReogAct2000_1309135B15D.PDF,0.612,"{""ordinances"": 9.0, ""high_court_judgments"": 9.0, ""central_acts"": 7.0, ""notifications"": 7.0, ""contracts_and_agreements"": 6.0, ""gazette_publications"": 5.0, ""forms_and_schedules"": 3.0, ""constitution_and_constitutional_documents"": 0.0}",Classification used first 15/39 pages.
2026-08-06T21:14:12.458302+00:00,D:\Nova Legal\Indian Legal\raw\userGuide.pdf,0.0,"{""constitution_and_constitutional_documents"": 0.0, ""central_acts"": 0.0, ""state_acts"": 0.0, ""amendment_acts"": 0.0, ""repealing_and_amending_acts"": 0.0, ""ordinances"": 0.0, ""bills"": 0.0, ""rules"": 0.0}",Classification used first 15/17 pages.
2026-08-06T21:14:22.233512+00:00,D:\Nova Legal\Indian Legal\raw\UTdiv_Act_3112019_05B15D.pdf,0.612,"{""ordinances"": 9.0, ""high_court_orders"": 9.0, ""central_acts"": 8.5, ""notifications"": 7.0, ""gazette_publications"": 6.0, ""forms_and_schedules"": 3.0, ""constitution_and_constitutional_documents"": 0.0, ""state_acts"": 0.0}",
2026-08-06T21:14:33.914976+00:00,D:\Nova Legal\Indian Legal\raw\VicePresidentRulesupto2018_090820185B15D.pdf,0.5766,"{""notifications"": 7.0, ""recruitment_and_examinations"": 4.8, ""central_acts"": 4.5, ""forms_and_schedules"": 3.0, ""rules"": 2.5, ""constitution_and_constitutional_documents"": 0.0, ""state_acts"": 0.0, ""amendment_acts"": 0.0}",
