iea_section,iea_title,bsa_section,bsa_title,change_category,evidentiary_effect,statutory_source_url
65B,Admissibility of electronic records,63(4),Admissibility of electronic records (Certificate),Digital Evidence Reform,"Sub-section 63(4) prescribes mandatory certificate format signed by person in charge of device/computer system for admissibility of electronic evidence.",https://www.indiacode.nic.in/handle/123456789/20064
62,Primary evidence,57,Primary evidence (Electronic Records included),Digital Status Upgrade,"Electronic or digital record created or stored in semiconductor memory or computer system is categorized directly as primary evidence.",https://www.indiacode.nic.in/handle/123456789/20064
45,Opinions of experts,39,Opinions of experts (Examiner of Electronic Evidence),Expert Scope Expansion,"Includes opinion of Examiner of Electronic Evidence referred to in Section 79A of Information Technology Act 2000.",https://www.indiacode.nic.in/handle/123456789/20064
3,Documentary evidence definition,2(1)(e),Definition of Document,Scope Expansion,"Document includes electronic and digital records, microfilms, server logs, smartphone messages, cloud storage records, and emails.",https://www.indiacode.nic.in/handle/123456789/20064
63,Secondary evidence,58,Secondary evidence (Expanded scope),Expanded Categories,"Includes oral accounts of document contents, written admissions, counterpart documents, and digital copies produced by mechanical processes.",https://www.indiacode.nic.in/handle/123456789/20064
112,Birth during marriage conclusive proof of legitimacy,116,Birth during marriage conclusive proof,Presumption Retained,"Conclusive proof of legitimacy retained if born during valid marriage or within 280 days after dissolution.",https://www.indiacode.nic.in/handle/123456789/20064
113A,Presumption as to abetment of suicide by a married woman,117,Presumption as to abetment of suicide,Spouse Protection,"Presumption of abetment of suicide within 7 years of marriage upon proof of cruelty by husband or relatives.",https://www.indiacode.nic.in/handle/123456789/20064
113B,Presumption as to dowry death,118,Presumption as to dowry death,Dowry Death Burden,"Presumption of dowry death where woman subjected to cruelty or harassment soon before her death for dowry demand.",https://www.indiacode.nic.in/handle/123456789/20064
114A,Presumption as to absence of consent in certain prosecutions for rape,119,Presumption as to absence of consent,Victim Protection,"Court shall presume lack of consent if victim states in testimony that she did not consent.",https://www.indiacode.nic.in/handle/123456789/20064
